sequencial;latitude;longitude;uf;cnl;facilidade;id_facilidade;provedor;id_provedor;entrega;abordado;custo_de_acesso_proprio;instalacao_terceiros;mensalidade_terceiros;tipo_terceiros;id_da_sev;prazo;bb_ip;hp_bsod;codigo_spe;sinalizacao_sip;protocolo_gaia;obs;justificativa;ID Justificativa;status;tecnologia
10632342;-23,5456033;-46,6333212;SP;SPO;FO EDD ETH;7;CLARO BRASIL;8;SPO IG;NAO;12042,0;;;;3134639;;;;;;14500245;FECHAMENTO NFV FASE 1/NECESSARIO CONSTRUCAO DE APROXIMADAMENTE -700.0 METROS/SITE SMSEE25;;;1;FO EDD MOVEL
10632343;-23,5456033;-46,6333212;SP;SPO;TERCEIROS ETH;26;BRFIBRA;127;SPO IG;NAO;;1000,0;1540,0;3;3134640;;;;;;14500250;FECHAMENTO NFV FASE 1/PRECO PADRAO/ ESTACAO ENTREGA SPO IG;FORA DE REDE;1;1;TERCEIRO ETH
10632346;-23,5456033;-46,6333212;SP;SPO;TERCEIROS ETH;26;BRFIBRA;127;SPO IG;NAO;;1000,0;1540,0;3;3134643;;;;;;14500253;FECHAMENTO NFV FASE 1/PRECO PADRAO/ ESTACAO ENTREGA SPO IG;FORA DE REDE;1;1;TERCEIRO ETH
10632350;-23,5456033;-46,6333212;SP;SPO;FO EDD ETH;7;CLARO BRASIL;8;SPO IG;NAO;12042,0;;;;3134647;;;;;;14500260;FECHAMENTO NFV FASE 1/NECESSARIO CONSTRUCAO DE APROXIMADAMENTE -700.0 METROS/SITE SMSEE25;;;1;FO EDD MOVEL
10632365;-23,5456033;-46,6333212;SP;SPO;TERCEIROS ETH;26;BRFIBRA;127;SPO IG;NAO;;1000,0;1540,0;3;3134660;;;;;;14500262;FECHAMENTO NFV FASE 1/PRECO PADRAO/ ESTACAO ENTREGA SPO IG;FORA DE REDE;1;1;TERCEIRO ETH
10656003;-8,239185;-35,980643;PE;CRU;TERCEIROS ETH;26;BRFIBRA;127;RCE AM;NAO;;1000,0;2642,64;3;3148099;;;;;;14500269;FECHAMENTO NFV FASE 1/PRECO PADRAO/ ESTACAO ENTREGA RCE AM;FORA DE REDE;1;1;TERCEIRO ETH
10656004;-8,239185;-35,980643;PE;CRU;TERCEIROS ETH;26;BRFIBRA;127;RCE AM;NAO;;1000,0;2642,64;3;3148100;;;;;;14500270;FECHAMENTO NFV FASE 1/PRECO PADRAO/ ESTACAO ENTREGA RCE AM;FORA DE REDE;1;1;TERCEIRO ETH
10708680;-22,2731472;-49,1070651;SP;BRU;FO GPON ETH;8;CLARO BRASIL;8;BRU AL;SIM;130,0;;;;3185195;;;;;;14500285;FECHAMENTO NFV FASE 1/ ESTACAO ENTREGA BRU AL/;;;1;GPON FIXA
10729591;-19,92707;-43,93805;MG;BHE;FO EDD ETH;7;CLARO BRASIL;8;BHE ES;NAO;12042,0;;;;3202858;;;;;;14500315;FECHAMENTO NFV FASE 1/NECESSARIO CONSTRUCAO DE APROXIMADAMENTE -700.0 METROS/SITE MGCEN07;;;1;FO EDD MOVEL
10744204;-30,08286;-51,24688;RS;PAE;TERCEIROS ETH;26;BRFIBRA;127;PAE BV;NAO;;1000,0;924,0;3;3211735;;;;;;14500317;FECHAMENTO NFV FASE 1/PRECO PADRAO/ ESTACAO ENTREGA PAE BV;FORA DE REDE;1;1;TERCEIRO ETH
10756272;-22,8634064;-47,0238125;SP;CAS;FOETHERNET;16;CLARO BRASIL;8;CAS BC;SIM;130,0;;;;3218363;;124087;;;;14500358;FECHAMENTO NFV FASE 1/ ESTACAO ENTREGA CAS BC/;;;1;FO EDD NET
10756273;-22,8634064;-47,0238125;SP;CAS;FOETHERNET;16;CLARO BRASIL;8;CAS BC;SIM;130,0;;;;3218364;;124088;;;;14500359;FECHAMENTO NFV FASE 1/ ESTACAO ENTREGA CAS BC/;;;1;FO EDD NET
10763941;-22,8949147;-43,186124;RJ;RJO;FO EDD DIRETO CLARO;6;CLARO BRASIL;8;RJO AM;SIM;171,0;;;;3223408;;;;;;14500398;FECHAMENTO NFV FASE 1/ ESTACAO ENTREGA RJO AM//ABORDADO BASE OURO/DESIG RJO/IP/42952;;;1;FO EDD DC
10764914;-16,8491164;-49,1886703;GO;ACG;FO EDD ETH;7;CLARO BRASIL;8;ACG PAI;SIM;133,0;;;;3224216;;;;;;14500403;FECHAMENTO NFV FASE 1/ ESTACAO ENTREGA ACG PAI/;;;1;FO EDD FIXA
10768523;2,8230445;-60,673427;RR;BVA;TERCEIROS ETH;26;INFORR - RR;351;BVA AB;NAO;;2850,0;6270,0;3;3226526;;;;;;14500417;FECHAMENTO NFV FASE 1/PRECO PADRAO/ ESTACAO ENTREGA BVA AB;FORA DE REDE;1;1;TERCEIRO ETH
10768524;2,8230445;-60,673427;RR;BVA;TERCEIROS ETH;26;INFORR - RR;351;BVA AB;NAO;;2850,0;6270,0;3;3226527;;;;;;14500418;FECHAMENTO NFV FASE 1/PRECO PADRAO/ ESTACAO ENTREGA BVA AB;FORA DE REDE;1;1;TERCEIRO ETH
10768525;2,8230445;-60,673427;RR;BVA;TERCEIROS ETH;26;INFORR - RR;351;BVA AB;NAO;;2850,0;6270,0;3;3226528;;;;;;14500419;FECHAMENTO NFV FASE 1/PRECO PADRAO/ ESTACAO ENTREGA BVA AB;FORA DE REDE;1;1;TERCEIRO ETH
10769420;-22,7670524;-43,2833527;RJ;DQX;FO EDD ETH;7;CLARO BRASIL;8;RJO AM;SIM;133,0;;;;3227317;;;;;;14500430;FECHAMENTO NFV FASE 1/ ESTACAO ENTREGA RJO AM/;;;1;FO EDD FIXA
10771835;-9,9589;-55,8275;MT;CLDA;FO EDD ETH;7;CLARO BRASIL;8;CBA MC;SIM;133,0;;;;3228933;;;;;;14500435;FECHAMENTO NFV FASE 1/ ESTACAO ENTREGA CBA MC/;;;1;FO EDD FIXA
10778507;-23,57067;-46,69118;SP;SPO;TERCEIROS ETH;26;BRFIBRA;127;SPO IG;NAO;;1000,0;1540,0;3;3235557;;;;;;14500440;FECHAMENTO NFV FASE 1/PRECO PADRAO/ ESTACAO ENTREGA SPO IG;FORA DE REDE;1;1;TERCEIRO ETH
10781644;-23,010394;-47,117235;SP;CAS;TERCEIROS ETH;26;BRFIBRA;127;SPO IG;NAO;;1000,0;2642,64;3;3237994;;;;;;14500467;FECHAMENTO NFV FASE 1/PRECO PADRAO/ ESTACAO ENTREGA SPO IG;FORA DE REDE;1;1;TERCEIRO ETH
10783085;-23,2221547;-45,888411;SP;SJC;FOETHERNET;16;CLARO BRASIL;8;SJC EB;SIM;130,0;;;;3239280;;;;;;14500481;FECHAMENTO NFV FASE 1/ ESTACAO ENTREGA SJC EB/;;;1;FO EDD NET
10783713;-11,8863412;-55,51179;MT;SNO;TERCEIROS ETH;26;BRFIBRA;127;CBA MC;NAO;;800,0;489,99;3;3239631;;;;;;14500493;FECHAMENTO NFV FASE 1/PRECO PADRAO/ ESTACAO ENTREGA CBA MC;FORA DE REDE;1;1;TERCEIRO ETH
10783715;-11,8863412;-55,51179;MT;SNO;TERCEIROS ETH;26;BRFIBRA;127;CBA MC;NAO;;800,0;489,99;3;3239633;;;;;;14500494;FECHAMENTO NFV FASE 1/PRECO PADRAO/ ESTACAO ENTREGA CBA MC;FORA DE REDE;1;1;TERCEIRO ETH
10783734;-11,8863412;-55,51179;MT;SNO;FO EDD DIRETO CLARO;6;CLARO BRASIL;8;CBA MC;NAO;14525,76669874;;;;3239642;;;;;;14500507;FECHAMENTO NFV FASE 1/NECESSARIO CONSTRUCAO DE APROXIMADAMENTE 122.69763099999999 METROS/SITE MTSNO25;;;1;FO EDD DC
10783735;-11,8863412;-55,51179;MT;SNO;TERCEIROS ETH;26;BRFIBRA;127;CBA MC;NAO;;800,0;489,99;3;3239643;;;;;;14500509;FECHAMENTO NFV FASE 1/PRECO PADRAO/ ESTACAO ENTREGA CBA MC;FORA DE REDE;1;1;TERCEIRO ETH
10783737;2,838433333;-60,66783;RR;BVA;TERCEIROS ETH;26;GENERICO - ACESSO;1825;BVA AB;NAO;;1000,0;2642,64;3;3239645;;;;;;14500522;FECHAMENTO NFV FASE 1;FORA DE REDE;1;1;TERCEIRO ETH
10783761;-18,9421063;-48,2737873;MG;ULA;FO GPON ETH;8;CLARO BRASIL;8;ULA MA;SIM;130,0;;;;3239659;;;;;;14500528;FECHAMENTO NFV FASE 1/ ESTACAO ENTREGA ULA MA/;;;1;GPON FIXA
10783777;-23,5578999;-46,659135;SP;SPO;FO EDD ETH;7;CLARO BRASIL;8;SPO IG;SIM;133,0;;;;3239669;;;;;;14500532;FECHAMENTO NFV FASE 1/ ESTACAO ENTREGA SPO IG//ABORDADO BASE PRATA;;;1;FO EDD FIXA
10783789;-23,4263485;-46,394487;SP;GRS;FO EDD DIRETO CLARO;6;CLARO BRASIL;8;SPO IG;NAO;9797,0;;;;3239675;;;;;;14500535;FECHAMENTO NFV FASE 1/NECESSARIO CONSTRUCAO DE APROXIMADAMENTE -65.88041739999997 METROS/SITE SMGRSA0;;;1;FO EDD DC
10783793;-17,5693098;-52,554398;GO;MNI;TERCEIROS ETH;26;BRFIBRA;127;SPO IG;NAO;;800,0;694,28;3;3239678;;;;;;14500538;FECHAMENTO NFV FASE 1/PRECO PADRAO/ ESTACAO ENTREGA SPO IG;FORA DE REDE;1;1;TERCEIRO ETH
10783834;-25,442524;-49,287952;PR;CTA;FO GPON RESID ETH;34;CLARO BRASIL;8;CTA MR;SIM;1074,0;;;;3239691;;;;;;14500547;FECHAMENTO NFV FASE 1/ ESTACAO ENTREGA CTA MR//ABORDADO BASE OURO/DESIG CTA/IP/23013;;;1;GPON RES RESID
10783835;2,838433333;-60,66783;RR;BVA;TERCEIROS ETH;26;GENERICO - ACESSO;1825;BVA AB;NAO;;1000,0;2642,64;3;3239692;;;;;;14500552;FECHAMENTO NFV FASE 1;FORA DE REDE;1;1;TERCEIRO ETH
10783838;-22,86316;-47,02205;SP;CAS;FO EDD DIRETO CLARO;6;CLARO BRASIL;8;SPO IG;NAO;9797,0;;;;3239694;;;;;;14500553;FECHAMENTO NFV FASE 1/NECESSARIO CONSTRUCAO DE APROXIMADAMENTE -586.1153578 METROS/SITE SICAS35;;;1;FO EDD DC
10783843;-23,5262;-46,67412;SP;SPO;TERCEIROS ETH;26;BRFIBRA;127;SPO IG;NAO;;1000,0;1540,0;3;3239696;;;;;;14500556;FECHAMENTO NFV FASE 1/PRECO PADRAO/ ESTACAO ENTREGA SPO IG;FORA DE REDE;1;1;TERCEIRO ETH
10783855;-23,5365541;-46,634689;SP;SPO;TERCEIROS ETH;26;BRFIBRA;127;SPO IG;NAO;;800,0;444,4;3;3239702;;;;;;14500564;FECHAMENTO NFV FASE 1/PRECO PADRAO/ ESTACAO ENTREGA SPO IG;FORA DE REDE;1;1;TERCEIRO ETH
10783872;-23,5748342;-46,6419014;SP;SPO;TERCEIROS ETH;26;BRFIBRA;127;SPO IG;NAO;;1000,0;1540,0;3;3239709;;;;;;14500568;FECHAMENTO NFV FASE 1/PRECO PADRAO/ ESTACAO ENTREGA SPO IG;FORA DE REDE;1;1;TERCEIRO ETH
10783920;-28,6452966;-53,61161;RS;CZA;TERCEIROS ETH;26;BRFIBRA;127;PAE BV;NAO;;1000,0;1519,52;3;3239728;;;;;;14500576;FECHAMENTO NFV FASE 1/PRECO PADRAO/ ESTACAO ENTREGA PAE BV;FORA DE REDE;1;1;TERCEIRO ETH
10783922;-23,644317;-46,4651011;SP;MAU;FO EDD CLARO PRE VIAVEL;5;CLARO BRASIL;8;SPO MB;NAO;9797,0;;;;3239730;;;;;;14500579;FECHAMENTO NFV FASE 1/NECESSARIO CONSTRUCAO DE APROXIMADAMENTE -374.3402838 METROS/SITE SMMAU52;;;1;FO EDD PV
10783941;-23,5748342;-46,6419014;SP;SPO;TERCEIROS ETH;26;BRFIBRA;127;SPO IG;NAO;;1000,0;1298,0;3;3239741;;;;;;14500594;FECHAMENTO NFV FASE 1/PRECO PADRAO/ ESTACAO ENTREGA SPO IG;FORA DE REDE;1;1;TERCEIRO ETH
10783944;-19,922313;-43,9381226;MG;BHE;TERCEIROS ETH;26;GENERICO - ACESSO;1825;BHE ES;NAO;;850,0;665,0;3;3239744;;;;;;14500601;FECHAMENTO NFV FASE 1;FORA DE REDE;1;1;TERCEIRO ETH
10783947;-25,43427;-49,27135;PR;CTA;FO GPON ETH;8;CLARO BRASIL;8;FNS PO;NAO;9837,0;;;;3239745;;;;;;14500602;FECHAMENTO NFV FASE 1/NECESSARIO CONSTRUCAO DE APROXIMADAMENTE 700.0 METROS;;;1;GPON FIXA
10783998;-12,6208726;-38,3214361;BA;DSA;4G;39;CLARO BRASIL;8;SDR RC;NAO;1836,0;;;;3239780;;;;;;14500605;FECHAMENTO NFV FASE 1/ ESTACAO ENTREGA /42S01BADSA0803 (Asset);;;1;LTE (4G)
10784007;-12,0883611;-45,768474;BA;MIOO;TERCEIROS ETH;26;BRFIBRA - BANDA LARGA - AL;1641;SDR RC;NAO;;800,0;489,99;3;3239786;;;;;;14500609;FECHAMENTO NFV FASE 1/PRECO PADRAO/ ESTACAO ENTREGA SDR RC;FORA DE REDE;1;1;TERCEIRO ETH
10784053;-22,7656182;-42,9149448;RJ;IOY;TERCEIROS ETH;26;VTAL - RJ;460;RJO AM;NAO;;9913,716981545453;355,97721538497376;3;3239810;;;;;;14500614;FECHAMENTO NFV FASE 1;FORA DE REDE;1;1;TERCEIRO ETH
10784054;-22,7656182;-42,9149448;RJ;IOY;TERCEIROS ETH;26;VTAL - RJ;460;RJO AM;NAO;;9913,716981545453;694,9715340817013;3;3239811;;;;;;14500615;FECHAMENTO NFV FASE 1;FORA DE REDE;1;1;TERCEIRO ETH
10784059;-23,57402;-46,63893;SP;SPO;FO EDD CLARO PRE VIAVEL;5;CLARO BRASIL;8;SPO IG;NAO;9797,0;;;;3239814;;;;;;14500616;FECHAMENTO NFV FASE 1/NECESSARIO CONSTRUCAO DE APROXIMADAMENTE -644.3587723999999 METROS/SITE SMVMN56;;;1;FO EDD PV
10784061;-23,57402;-46,63893;SP;SPO;FO EDD CLARO PRE VIAVEL;5;CLARO BRASIL;8;SPO IG;NAO;9797,0;;;;3239816;;;;;;14500618;FECHAMENTO NFV FASE 1/NECESSARIO CONSTRUCAO DE APROXIMADAMENTE -644.3587723999999 METROS/SITE SMVMN56;;;1;FO EDD PV
10784062;-7,1651284;-34,824175;PB;JPA;TERCEIROS ETH;26;BRFIBRA;127;JPA TR;NAO;;800,0;454,3;3;3239817;;;;;;14500620;FECHAMENTO NFV FASE 1/PRECO PADRAO/ ESTACAO ENTREGA JPA TR;FORA DE REDE;1;1;TERCEIRO ETH
10784064;-12,9364373;-38,3568447;BA;SDR;FO GPON ETH;8;CLARO BRASIL;8;SDR IMB;SIM;130,0;;;;3239818;;;;;;14500621;FECHAMENTO NFV FASE 1/ ESTACAO ENTREGA SDR IMB/;;;1;GPON FIXA
10784067;-12,9376405;-38,4058022;BA;SDR;FO GPON ETH;8;CLARO BRASIL;8;SDR IMB;SIM;130,0;;;;3239819;;;;;;14500622;FECHAMENTO NFV FASE 1/ ESTACAO ENTREGA SDR IMB/;;;1;GPON FIXA
10784069;-12,9376405;-38,4058022;BA;SDR;FO GPON ETH;8;CLARO BRASIL;8;SDR IMB;SIM;130,0;;;;3239821;;;;;;14500624;FECHAMENTO NFV FASE 1/ ESTACAO ENTREGA SDR IMB/;;;1;GPON FIXA
10784074;-23,67641;-46,69827;SP;SPO;TERCEIROS ETH;26;BRFIBRA;127;SPO IG;NAO;;1000,0;770,0;3;3239823;;;;;;14500625;FECHAMENTO NFV FASE 1/PRECO PADRAO/ ESTACAO ENTREGA SPO IG;FORA DE REDE;1;1;TERCEIRO ETH
10784088;-23,1902553;-46,8849858;SP;JAI;FOETHERNET;16;CLARO BRASIL;8;CAS BC;SIM;130,0;;;;3239835;;124089;;;;14500627;FECHAMENTO NFV FASE 1/ ESTACAO ENTREGA CAS BC/;;;1;FO EDD NET
10784102;-22,3558221;-47,3248265;SP;AAS;FOETHERNET;16;CLARO BRASIL;8;CAS BC;SIM;130,0;;;;3239839;;124090;;;;14500631;FECHAMENTO NFV FASE 1/ ESTACAO ENTREGA CAS BC/;;;1;FO EDD NET
10784103;-12,8276443;-38,4015083;BA;SMF;TERCEIROS ETH;26;BRFIBRA - BANDA LARGA - AL;1641;SDR RC;NAO;;1000,0;770,0;3;3239840;;;;;;14500632;FECHAMENTO NFV FASE 1/PRECO PADRAO/ ESTACAO ENTREGA SDR RC;FORA DE REDE;1;1;TERCEIRO ETH
10784119;-25,37;-49,07;PR;QBS;FO EDD ETH;7;CLARO BRASIL;8;QBS JS;SIM;133,0;;;;3239843;;;;;;14500635;FECHAMENTO NFV FASE 1/ ESTACAO ENTREGA QBS JS/;;;1;FO EDD FIXA
10784122;-15,6452218;-56,127959;MT;VAZ;FO EDD DIRETO CLARO;6;CLARO BRASIL;8;CBA MC;NAO;9797,0;;;;3239845;;;;;;14500637;FECHAMENTO NFV FASE 1/NECESSARIO CONSTRUCAO DE APROXIMADAMENTE -251.4753136 METROS/SITE MTVAZ07;;;1;FO EDD DC
10784128;-15,5850748;-56,1147614;MT;CBA;TERCEIROS ETH;26;BRFIBRA;127;CBA MC;NAO;;1000,0;770,0;3;3239846;;;;;;14500638;FECHAMENTO NFV FASE 1/PRECO PADRAO/ ESTACAO ENTREGA CBA MC;FORA DE REDE;1;1;TERCEIRO ETH
10784142;-23,49931;-46,84836;SP;BRE;FO EDD ETH;7;CLARO BRASIL;8;BRE AG;SIM;133,0;;;;3239853;;124091;;;;14500641;FECHAMENTO NFV FASE 1/ ESTACAO ENTREGA BRE AG/;;;1;FO EDD FIXA
10784165;-12,676312;-38,5070406;BA;CIS;FO EDD DIRETO CLARO;6;CLARO BRASIL;8;SDR RC;SIM;171,0;;;;3239872;;;;;;14500646;FECHAMENTO NFV FASE 1/ ESTACAO ENTREGA SDR RC//ABORDADO BASE OURO/DESIG CIS/IP/00383;;;1;FO EDD DC
10784166;-12,676312;-38,5070406;BA;CIS;TERCEIROS ETH;26;BRFIBRA - BANDA LARGA - AL;1641;SDR RC;NAO;;1000,0;770,0;3;3239873;;;;;;14500647;FECHAMENTO NFV FASE 1/PRECO PADRAO/ ESTACAO ENTREGA SDR RC;FORA DE REDE;1;1;TERCEIRO ETH
10784168;-23,55991;-46,6602;SP;SPO;TERCEIROS ETH;26;BRFIBRA;127;SPO IG;NAO;;1000,0;1540,0;3;3239874;;;;;;14500648;FECHAMENTO NFV FASE 1/PRECO PADRAO/ ESTACAO ENTREGA SPO IG;FORA DE REDE;1;1;TERCEIRO ETH
10784195;-22,463902;-42,652535;RJ;CHM;TERCEIROS ETH;26;VTAL - RJ;460;RJO EN;NAO;;9913,716981545453;314,00586968310137;3;3239891;;;;;;14500666;FECHAMENTO NFV FASE 1;FORA DE REDE;1;1;TERCEIRO ETH
10784223;-21,203517;-41,889766;RJ;IRA;TERCEIROS ETH;26;VTAL - RJ;460;RJO EN;NAO;;9913,716981545453;339,7949746439007;3;3239897;;;;;;14500673;FECHAMENTO NFV FASE 1;FORA DE REDE;1;1;TERCEIRO ETH
10784280;-14,468312;-48,456416;GO;NQA;TERCEIROS ETH;26;BRFIBRA;127;GNA RD;NAO;;800,0;489,99;3;3239924;;;;;;14500700;FECHAMENTO NFV FASE 1/PRECO PADRAO/ ESTACAO ENTREGA GNA RD;FORA DE REDE;1;1;TERCEIRO ETH
10784293;-7,018817;-35,858765;PB;ERA;TERCEIROS ETH;26;VTAL - PB;455;JPA TR;NAO;;9913,716981545453;224,93785408247103;3;3239931;;;;;;14500707;FECHAMENTO NFV FASE 1;FORA DE REDE;1;1;TERCEIRO ETH
10784301;-7,985036;-38,300514;PE;SHD;TERCEIROS ETH;26;BRFIBRA;127;RCE AM;NAO;;800,0;489,99;3;3239937;;;;;;14500713;FECHAMENTO NFV FASE 1/PRECO PADRAO/ ESTACAO ENTREGA RCE AM;FORA DE REDE;1;1;TERCEIRO ETH
10784305;-8,235145;-35,754443;PE;BEZ;TERCEIROS ETH;26;BRFIBRA;127;SPO IG;NAO;;800,0;489,99;3;3239939;;;;;;14500715;FECHAMENTO NFV FASE 1/PRECO PADRAO/ ESTACAO ENTREGA SPO IG;FORA DE REDE;1;1;TERCEIRO ETH
10784309;-7,476587;-37,27394;PE;SJG;TERCEIROS ETH;26;VTAL - PE;457;RCE AM;NAO;;9913,716981545453;250,99082140821633;3;3239941;;;;;;14500717;FECHAMENTO NFV FASE 1;FORA DE REDE;1;1;TERCEIRO ETH
10784313;-16,483197;-49,093571;GO;TRG;TERCEIROS ETH;26;BRFIBRA;127;GNA RD;NAO;;800,0;310,0;3;3239943;;;;;;14500719;FECHAMENTO NFV FASE 1/PRECO PADRAO/ ESTACAO ENTREGA GNA RD;FORA DE REDE;1;1;TERCEIRO ETH
10784314;-18,141939;-48,563166;GO;CUM;FO EDD DIRETO CLARO;6;CLARO BRASIL;8;GNA RD;SIM;171,0;;;;3239944;;;;;;14500720;FECHAMENTO NFV FASE 1/ ESTACAO ENTREGA GNA RD//ABORDADO BASE OURO/DESIG CUM/IP/00106;;;1;FO EDD DC
10784315;-7,473494;-37,273818;PE;SJG;TERCEIROS ETH;26;VTAL - PE;457;RCE AM;NAO;;9913,716981545453;250,99082140821633;3;3239945;;;;;;14500721;FECHAMENTO NFV FASE 1;FORA DE REDE;1;1;TERCEIRO ETH
10784360;-15,833945;-48,055971;DF;BSA;TERCEIROS ETH;26;BRFIBRA;127;BSA SU;NAO;;1000,0;770,0;3;3239974;;;;;;14500750;FECHAMENTO NFV FASE 1/PRECO PADRAO/ ESTACAO ENTREGA BSA SU;FORA DE REDE;1;1;TERCEIRO ETH
10784365;-14,547153;-49,968542;GO;CXA;FO EDD DIRETO CLARO;6;CLARO BRASIL;8;GNA RD;SIM;171,0;;;;3239977;;;;;;14500753;FECHAMENTO NFV FASE 1/ ESTACAO ENTREGA GNA RD//ABORDADO BASE OURO/DESIG CXA/IP/00113;;;1;FO EDD DC
10784367;-15,326338;-49,116979;GO;GNE;TERCEIROS ETH;26;BRFIBRA;127;GNA RD;NAO;;800,0;489,99;3;3239979;;;;;;14500755;FECHAMENTO NFV FASE 1/PRECO PADRAO/ ESTACAO ENTREGA GNA RD;FORA DE REDE;1;1;TERCEIRO ETH
10784372;-16,089088;-48,511022;GO;ALX;TERCEIROS ETH;26;BRFIBRA;127;SPO IG;NAO;;800,0;489,99;3;3239983;;;;;;14500759;FECHAMENTO NFV FASE 1/PRECO PADRAO/ ESTACAO ENTREGA SPO IG;FORA DE REDE;1;1;TERCEIRO ETH
10784374;-18,560611;-51,129977;GO;CAW;FO EDD DIRETO CLARO;6;CLARO BRASIL;8;GNA RD;SIM;171,0;;;;3239984;;;;;;14500761;FECHAMENTO NFV FASE 1/ ESTACAO ENTREGA GNA RD//ABORDADO BASE OURO/DESIG CAW/IP/00108;;;1;FO EDD DC
10784378;-16,000172;-47,563056;DF;BSA;TERCEIROS ETH;26;BRFIBRA;127;BSA SU;NAO;;800,0;310,0;3;3239986;;;;;;14500768;FECHAMENTO NFV FASE 1/PRECO PADRAO/ ESTACAO ENTREGA BSA SU;FORA DE REDE;1;1;TERCEIRO ETH
10784383;-25,5437652;-49,323678;PR;CTA;FO GPON ETH;8;CLARO BRASIL;8;CTA TF;NAO;13508,545496724;;;;3239990;;;;;;14500772;FECHAMENTO NFV FASE 1/NECESSARIO CONSTRUCAO DE APROXIMADAMENTE 795.2658405999999 METROS;;;1;GPON FIXA
10784388;-9,51165528;-35,7931755;AL;RGO;FO EDD ETH;7;CLARO BRASIL;8;MCO MS;SIM;133,0;;;;3239994;;;;;;14500775;FECHAMENTO NFV FASE 1/ ESTACAO ENTREGA MCO MS//ABORDADO BASE OURO/DESIG MCO/IP/05052;;;1;FO EDD MOVEL
10784392;-28,6452966;-53,61161;RS;CZA;TERCEIROS ETH;26;BRFIBRA;127;PAE BV;NAO;;1000,0;1519,52;3;3239998;;;;;;14500779;FECHAMENTO NFV FASE 1/PRECO PADRAO/ ESTACAO ENTREGA PAE BV;FORA DE REDE;1;1;TERCEIRO ETH
10784485;-20,838589;-42,655952;MG;ERV;FO EDD DIRETO CLARO;6;CLARO BRASIL;8;BHE ES;SIM;171,0;;;;3240067;;;;;;14500849;FECHAMENTO NFV FASE 1/ ESTACAO ENTREGA BHE ES//ABORDADO BASE OURO/DESIG ERV/IP/00114;;;1;FO EDD DC
10784742;-21,016567;-46,741464;MG;JCU;FO EDD DIRETO CLARO;6;CLARO BRASIL;8;BHE ES;SIM;171,0;;;;3240269;;;;;;14501064;FECHAMENTO NFV FASE 1/ ESTACAO ENTREGA BHE ES//ABORDADO BASE OURO/DESIG JCU/IP/00110;;;1;FO EDD DC
10784800;-21,31327;-42,862445;MG;AST;FO EDD DIRETO CLARO;6;CLARO BRASIL;8;BHE ES;SIM;171,0;;;;3240305;;;;;;14501106;FECHAMENTO NFV FASE 1/ ESTACAO ENTREGA BHE ES//ABORDADO BASE OURO/DESIG AST/IP/00112;;;1;FO EDD DC
10784812;-7,19277;-34,9002858;PB;JPA;TERCEIROS ETH;26;BRFIBRA;127;JPA TR;NAO;;800,0;454,3;3;3240317;;;;;;14501118;FECHAMENTO NFV FASE 1/PRECO PADRAO/ ESTACAO ENTREGA JPA TR;FORA DE REDE;1;1;TERCEIRO ETH
10784819;-23,5460202;-46,635817;SP;SPO;FO EDD DIRETO CLARO;6;CLARO BRASIL;8;SPO IG;SIM;171,0;;;;3240322;;;;;;14501122;FECHAMENTO NFV FASE 1/ ESTACAO ENTREGA SPO IG//ABORDADO BASE OURO/DESIG SPO/IP/90492;;;1;FO EDD DC
10784829;-26,29819;-48,86438;SC;JVE;TERCEIROS ETH;26;VTAL - SC;465;FNS PO;NAO;;10404,478669357526;1713,2585243225901;3;3240326;;;;;;14501124;FECHAMENTO NFV FASE 1;FORA DE REDE;1;1;TERCEIRO ETH
10784837;-30,0079056;-51,2015179;RS;PAE;FO GPON ETH;8;CLARO BRASIL;8;PAE FAR;SIM;130,0;;;;3240332;;;;;;14501130;FECHAMENTO NFV FASE 1/ ESTACAO ENTREGA PAE FAR/;;;1;GPON FIXA
10784840;-25,5392144;-49,203886;PR;SJP;HFC BSOD;19;CLARO BRASIL;8;CTA MR;NAO;726,0;;;;3240333;;;;;;14501131;FECHAMENTO NFV FASE 1/ ESTACAO ENTREGA CTA TF/HE_CURITIBA;;;1;HFC BSOD
10784859;-2,49944589;-44,3077276;MA;SLS;HFC BSOD;19;CLARO BRASIL;8;SLS US;NAO;726,0;;;;3240343;;;387910408;;;14501140;FECHAMENTO NFV FASE 1/ ESTACAO ENTREGA /CLHAAB HIBRIDO - HP GED 387910408;;;1;HFC BSOD
10784862;-11,6738522;-61,188867;RO;PBW;FO EDD DIRETO CLARO;6;CLARO BRASIL;8;PVO FQ;SIM;171,0;;;;3240346;;;;;;14501144;FECHAMENTO NFV FASE 1/ ESTACAO ENTREGA PVO FQ//ABORDADO BASE OURO/DESIG PBW/IP/00266;;;1;FO EDD DC
10333793;-2,521078;-44,247239;MA;SLS;TERCEIROS ETH;26;GENERICO - ACESSO;1825;SLS US;NAO;;1500,0;3594,35;3;2953117;;;;;;0;FECHAMENTO NFV FASE 1/FECHAMENTO LPU MEDIANO;FORA DE REDE;1;1;TERCEIRO ETH
10333829;-2,521078;-44,247239;MA;SLS;TERCEIROS ETH;26;GENERICO - ACESSO;1825;SLS US;NAO;;1500,0;3594,35;3;2953153;;;;;;0;FECHAMENTO NFV FASE 1/FECHAMENTO LPU MEDIANO;FORA DE REDE;1;1;TERCEIRO ETH
10377338;-2,552289;-44,192085;MA;SJE;TERCEIROS ETH;26;VTAL - MA;451;SLS US;NAO;;9913,716981545453;550,4278238142125;3;2987996;;;;;;0;FECHAMENTO NFV FASE 1/FECHAMENTO LPU VTAL;FORA DE REDE;1;1;TERCEIRO ETH
10380353;-23,638302;-46,862489;SP;EMB;FO EDD CLARO PRE VIAVEL;5;CLARO BRASIL;8;SPO IG;NAO;19943,710795592;;;;2989785;;;;;;0;FECHAMENTO NFV FASE 1/NECESSARIO CONSTRUCAO DE APROXIMADAMENTE 263.2773948 METROS/SITE SMEMB36;;;1;FO EDD PV
10541179;-20,009006;-44,431064;MG;MAL;TERCEIROS ETH;26;VTAL - MG;452;BHE ES;NAO;;22297,012576483903;608,2866994725515;3;3085652;;;;;;0;FECHAMENTO NFV FASE 1/FECHAMENTO LPU VTAL;FORA DE REDE;1;1;TERCEIRO ETH
10541180;-20,009006;-44,431064;MG;MAL;TERCEIROS ETH;26;VTAL - MG;452;BHE ES;NAO;;22297,012576483903;395,42033535725403;3;3085653;;;;;;0;FECHAMENTO NFV FASE 1/FECHAMENTO LPU VTAL;FORA DE REDE;1;1;TERCEIRO ETH
10563641;-6,992069;-37,320737;PB;POS;TERCEIROS ETH;26;VTAL - PB;455;JPA TR;NAO;;33146,19479693473;327,30056294660915;3;3098428;;;;;;0;FECHAMENTO NFV FASE 1/FECHAMENTO LPU VTAL;FORA DE REDE;1;1;TERCEIRO ETH
10579747;-6,8136975;-35,08323;PB;RTT;TERCEIROS ETH;26;VTAL - PB;455;JPA TR;NAO;;9913,716981545453;287,3936862564586;3;3107294;;;;;;0;FECHAMENTO NFV FASE 1/FECHAMENTO LPU VTAL;FORA DE REDE;1;1;TERCEIRO ETH
10587535;-17,9239104;-51,6904261;GO;JTI;TERCEIROS ETH;26;VTAL - GO;450;GNA RD;NAO;;9913,716981545453;202,7111938039244;3;3110802;;;;;;0;FECHAMENTO NFV FASE 1/FECHAMENTO LPU VTAL;FORA DE REDE;1;1;TERCEIRO ETH
10587536;-17,9239104;-51,6904261;GO;JTI;TERCEIROS ETH;26;VTAL - GO;450;GNA RD;NAO;;9913,716981545453;520,1150715298777;3;3110803;;;;;;0;FECHAMENTO NFV FASE 1/FECHAMENTO LPU VTAL;FORA DE REDE;1;1;TERCEIRO ETH
10588161;-9,36634238;-40,5670292;PE;PTA;TERCEIROS ETH;26;GENERICO - ACESSO;1825;RCE AM;NAO;;900,0;670,48;3;3111164;;;;;;0;FECHAMENTO NFV FASE 1/FECHAMENTO LPU MEDIANO;FORA DE REDE;1;1;TERCEIRO ETH
10610653;-20,0136193;-44,222315;MG;BET;TERCEIROS ETH;26;VTAL - MG;452;BHE ES;NAO;;10404,478669357526;1035,155279969084;3;3122188;;;;;;0;FECHAMENTO NFV FASE 1/FECHAMENTO LPU VTAL;FORA DE REDE;1;1;TERCEIRO ETH
10639831;-3,8447435;-38,604541;CE;MCW;TERCEIROS ETH;26;VTAL - CE;447;FLA PV;NAO;;9913,716981545453;676,1444095558644;3;3139889;;;;;;0;FECHAMENTO NFV FASE 1/FECHAMENTO LPU VTAL;FORA DE REDE;1;1;TERCEIRO ETH
10643170;-8,3375;-34,9917;PE;CBO;TERCEIROS ETH;26;VTAL - PE;457;RCE AM;NAO;;9913,716981545453;424,5468807877462;3;3141465;;;;;;0;FECHAMENTO NFV FASE 1/FECHAMENTO LPU VTAL;FORA DE REDE;1;1;TERCEIRO ETH
10652139;-3,02286566;-60,0550524;AM;MNS;TERCEIROS ETH;26;VTAL - AM;444;MNS EM;NAO;;9225,91500244209;2427,7210291613897;3;3145995;;;;;;0;FECHAMENTO NFV FASE 1/FECHAMENTO LPU VTAL;FORA DE REDE;1;1;TERCEIRO ETH
10663664;-29,6738;-51,4851;RS;MGO;TERCEIROS ETH;26;VTAL - RS;464;PAE BV;NAO;;22297,012576483903;270,38630839177654;3;3152003;;;;;;0;FECHAMENTO NFV FASE 1/FECHAMENTO LPU VTAL;FORA DE REDE;1;1;TERCEIRO ETH
10663725;-10,7907678;-55,465448;MT;CDE;TERCEIROS ETH;26;VTAL - MT;456;CBA MC;NAO;;9913,716981545453;312,2600936439798;3;3152031;;;;;;0;FECHAMENTO NFV FASE 1/FECHAMENTO LPU VTAL;FORA DE REDE;1;1;TERCEIRO ETH
10663726;-20,4768066;-55,815075;MS;ANC;TERCEIROS ETH;26;VTAL - MS;453;CPE CM;NAO;;9913,716981545453;274,5958257538959;3;3152032;;;;;;0;FECHAMENTO NFV FASE 1/FECHAMENTO LPU VTAL;FORA DE REDE;1;1;TERCEIRO ETH
10684497;-25,443955;-49,567545;PR;CLG;TERCEIROS ETH;26;GENERICO - ACESSO;1825;CTA MR;NAO;;836,8399999999999;562,05;3;3166151;;;;;;0;FECHAMENTO NFV FASE 1/FECHAMENTO LPU MEDIANO;FORA DE REDE;1;1;TERCEIRO ETH
10687923;-7,634391;-72,6732;AC;CZU;TERCEIROS ETH;26;VTAL - AC;619;RBO RB;NAO;;9913,716981545453;11940,549935292214;3;3168335;;;;;;0;FECHAMENTO NFV FASE 1/FECHAMENTO LPU VTAL;FORA DE REDE;1;1;TERCEIRO ETH
10705826;-3,04982779;-60,0693895;AM;MNS;TERCEIROS ETH;26;VTAL - AM;444;MNS EM;NAO;;9225,91500244209;2427,7210291613897;3;3182967;;;;;;0;FECHAMENTO NFV FASE 1/FECHAMENTO LPU VTAL;FORA DE REDE;1;1;TERCEIRO ETH
10711099;-10,012016;-67,771947;AC;RBO;TERCEIROS ETH;26;VTAL - AC;619;RBO RB;NAO;;9913,716981545453;11940,549935292214;3;3187471;;;;;;0;FECHAMENTO NFV FASE 1/FECHAMENTO LPU VTAL;FORA DE REDE;1;1;TERCEIRO ETH
10711101;-23,2814;-51,0297;PR;IOR;TERCEIROS ETH;26;VTAL - PR;459;CTA MR;NAO;;11048,843060192861;1877,1687870100216;3;3187473;;;;;;0;FECHAMENTO NFV FASE 1/FECHAMENTO LPU VTAL;FORA DE REDE;1;1;TERCEIRO ETH
10711218;-22,9329914;-43,222776;RJ;RJO;TERCEIROS ETH;26;VTAL - RJ;460;RJO AM;NAO;;8501,152812897524;496,93552062976556;3;3187575;;;;;;0;FECHAMENTO NFV FASE 1/FECHAMENTO LPU VTAL;FORA DE REDE;1;1;TERCEIRO ETH
10711407;-21,6223421;-55,1601368;MS;MCJ;TERCEIROS ETH;26;VTAL - MS;453;CPE CM;NAO;;9913,716981545453;558,2783100497286;3;3187749;;;;;;0;FECHAMENTO NFV FASE 1/FECHAMENTO LPU VTAL;FORA DE REDE;1;1;TERCEIRO ETH
10714791;-16,4061;-49,2178;GO;NRS;TERCEIROS ETH;26;VTAL - GO;450;GNA RD;NAO;;9913,716981545453;217,57835924072805;3;3189824;;;;;;0;FECHAMENTO NFV FASE 1/FECHAMENTO LPU VTAL;FORA DE REDE;1;1;TERCEIRO ETH
10714792;-16,4089658;-49,2174258;GO;NRS;TERCEIROS ETH;26;VTAL - GO;450;GNA RD;NAO;;9913,716981545453;217,57835924072805;3;3189825;;;;;;0;FECHAMENTO NFV FASE 1/FECHAMENTO LPU VTAL;FORA DE REDE;1;1;TERCEIRO ETH
10725098;-19,8554887;-44,0461883;MG;CEM;FO GPON ETH;8;CLARO BRASIL;8;BHE ES;NAO;17083,087871484;;;;3199446;;;;;;0;FECHAMENTO NFV FASE 1/NECESSARIO CONSTRUCAO DE APROXIMADAMENTE 188.0147346 METROS/SITE MGCTG47;;;1;GPON FIXA
10746251;-29,343159;-50,695965;RS;CEN;FO EDD CLARO PRE VIAVEL;5;CLARO BRASIL;8;PAE BV;NAO;99671,43992049598;;;;3212128;;;;;;0;FECHAMENTO NFV FASE 1/NECESSARIO CONSTRUCAO DE APROXIMADAMENTE 2331.9782023999996 METROS/SITE RSCENR1;;;1;FO EDD PV
10746480;-9,42896102;-40,4666615;BA;JUO;TERCEIROS ETH;26;VTAL - BA;446;SDR RC;NAO;;10506,532293961976;202,7111938039244;3;3212312;;;;;;0;FECHAMENTO NFV FASE 1/FECHAMENTO LPU VTAL;FORA DE REDE;1;1;TERCEIRO ETH
10746481;-9,48693027;-40,5192028;BA;JUO;TERCEIROS ETH;26;VTAL - BA;446;SDR RC;NAO;;33146,19479693473;202,7111938039244;3;3212313;;;;;;0;FECHAMENTO NFV FASE 1/FECHAMENTO LPU VTAL;FORA DE REDE;1;1;TERCEIRO ETH
10746493;-17,5733628;-39,7364224;BA;TAF;TERCEIROS ETH;26;VTAL - BA;446;SDR RC;NAO;;10506,532293961976;192,39555181960478;3;3212319;;;;;;0;FECHAMENTO NFV FASE 1/FECHAMENTO LPU VTAL;FORA DE REDE;1;1;TERCEIRO ETH
10746494;-14,9010468;-40,8542095;BA;VCA;TERCEIROS ETH;26;VTAL - BA;446;SDR RC;NAO;;10506,532293961976;187,54685134149435;3;3212320;;;;;;0;FECHAMENTO NFV FASE 1/FECHAMENTO LPU VTAL;FORA DE REDE;1;1;TERCEIRO ETH
10746519;-11,63015;-39,06415;BA;SEH;TERCEIROS ETH;26;VTAL - BA;446;SDR RC;NAO;;33146,19479693473;217,57835924072805;3;3212336;;;;;;0;FECHAMENTO NFV FASE 1/FECHAMENTO LPU VTAL;FORA DE REDE;1;1;TERCEIRO ETH
10746526;-15,2380887;-40,2455195;BA;ING;TERCEIROS ETH;26;VTAL - BA;446;SDR RC;NAO;;10506,532293961976;187,54685134149435;3;3212340;;;;;;0;FECHAMENTO NFV FASE 1/FECHAMENTO LPU VTAL;FORA DE REDE;1;1;TERCEIRO ETH
10746528;-6,27054708;-36,5226214;RN;CSS;TERCEIROS ETH;26;VTAL - RN;461;NTL JU;NAO;;10506,532293961976;676,1444095558644;3;3212341;;;;;;0;FECHAMENTO NFV FASE 1/FECHAMENTO LPU VTAL;FORA DE REDE;1;1;TERCEIRO ETH
10756228;-25,3674747;-49,149134;PR;CBX;TERCEIROS ETH;26;VTAL - PR;459;CTA MR;NAO;;10404,478669357526;459,3630814344071;3;3218340;;;;;;0;FECHAMENTO NFV FASE 1/FECHAMENTO LPU VTAL;FORA DE REDE;1;1;TERCEIRO ETH
10756236;-29,15358;-51,12873;RS;CSL;FO GPON ETH;8;CLARO BRASIL;8;PAE BV;NAO;30346,446469371996;;;;3218342;;124095;;;;0;FECHAMENTO NFV FASE 1/NECESSARIO CONSTRUCAO DE APROXIMADAMENTE 1232.1600018 METROS;;;1;GPON FIXA
10756247;-23,2867788;-51,0774773;PR;IOR;TERCEIROS ETH;26;VTAL - PR;459;CTA MR;NAO;;10404,478669357526;542,3817991370498;3;3218348;;;;;;0;FECHAMENTO NFV FASE 1/FECHAMENTO LPU VTAL;FORA DE REDE;1;1;TERCEIRO ETH
10756294;-29,560288;-51,347417;RS;SBC;TERCEIROS ETH;26;VTAL - RS;464;PAE BV;NAO;;33156,70309693473;810,5888996088333;3;3218382;;;;;;0;FECHAMENTO NFV FASE 1/FECHAMENTO LPU VTAL;FORA DE REDE;1;1;TERCEIRO ETH
10756304;-19,576168;-44,0571949;MG;MTZ;TERCEIROS ETH;26;VTAL - MG;452;BHE ES;NAO;;10404,478669357526;608,2866994725515;3;3218391;;;;;;0;FECHAMENTO NFV FASE 1/FECHAMENTO LPU VTAL;FORA DE REDE;1;1;TERCEIRO ETH
10756593;-8,396201;-35,012056;PE;IPJ;TERCEIROS ETH;26;VTAL - PE;457;RCE AM;NAO;;9913,716981545453;424,5468807877462;3;3218626;;;;;;0;FECHAMENTO NFV FASE 1/FECHAMENTO LPU VTAL;FORA DE REDE;1;1;TERCEIRO ETH
10756607;-8,14130589;-35,3825212;PE;POB;TERCEIROS ETH;26;VTAL - PE;457;RCE AM;NAO;;22290,325476483904;324,55319869593217;3;3218633;;;;;;0;FECHAMENTO NFV FASE 1/FECHAMENTO LPU VTAL;FORA DE REDE;1;1;TERCEIRO ETH
10756729;-16,592853;-50,328847;GO;FIS;TERCEIROS ETH;26;VTAL - GO;450;GNA RD;NAO;;33146,19479693473;303,8619453905536;3;3218740;;;;;;0;FECHAMENTO NFV FASE 1/FECHAMENTO LPU VTAL;FORA DE REDE;1;1;TERCEIRO ETH
10758411;-19,5732704;-44,0561462;MG;MTZ;TERCEIROS ETH;26;VTAL - MG;452;BHE ES;NAO;;10404,478669357526;608,2866994725515;3;3220072;;;;;;0;FECHAMENTO NFV FASE 1/FECHAMENTO LPU VTAL;FORA DE REDE;1;1;TERCEIRO ETH
10761183;-25,030112;-50,160684;PR;PGO;TERCEIROS ETH;26;VTAL - PR;459;CTA MR;NAO;;10404,478669357526;2728,2694004383775;3;3221518;;;;;;0;FECHAMENTO NFV FASE 1/FECHAMENTO LPU VTAL;FORA DE REDE;1;1;TERCEIRO ETH
10761198;-11,9645162;-38,0966658;BA;ERS;TERCEIROS ETH;26;VTAL - BA;446;SDR RC;NAO;;33146,19479693473;386,866771323431;3;3221526;;;;;;0;FECHAMENTO NFV FASE 1/FECHAMENTO LPU VTAL;FORA DE REDE;1;1;TERCEIRO ETH
10762019;-12,5782308;-38,7170755;BA;SNA;TERCEIROS ETH;26;VTAL - BA;446;SDR RC;NAO;;9913,716981545453;386,866771323431;3;3222022;;;;;;0;FECHAMENTO NFV FASE 1/FECHAMENTO LPU VTAL;FORA DE REDE;1;1;TERCEIRO ETH
10763484;-21,306678;-46,6906436;MG;GPE;TERCEIROS ETH;26;VTAL - MG;452;BHE ES;NAO;;22297,012576483903;1574,5086819072815;3;3222966;;;;;;0;FECHAMENTO NFV FASE 1/FECHAMENTO LPU VTAL;FORA DE REDE;1;1;TERCEIRO ETH
10763499;-12,776348;-38,498136;BA;CIS;TERCEIROS ETH;26;VTAL - BA;446;SDR RC;NAO;;9913,716981545453;599,8179325161611;3;3222975;;;;;;0;FECHAMENTO NFV FASE 1/FECHAMENTO LPU VTAL;FORA DE REDE;1;1;TERCEIRO ETH
10764692;-15,5224259;-40,906467;BA;EZL;FO EDD DIRETO CLARO;6;CLARO BRASIL;8;SDR RC;NAO;32041,225914679995;;;;3224083;;;;;;0;FECHAMENTO NFV FASE 1/NECESSARIO CONSTRUCAO DE APROXIMADAMENTE 577.1724419999999 METROS/SITE BAEZL01;;;1;FO EDD DC
10768150;-12,6993381;-38,4876896;BA;CIS;TERCEIROS ETH;26;VTAL - BA;446;SDR RC;NAO;;10506,532293961976;192,39555181960478;3;3226212;;;;;;0;FECHAMENTO NFV FASE 1/FECHAMENTO LPU VTAL;FORA DE REDE;1;1;TERCEIRO ETH
10768170;-3,985341;-38,59577;CE;PUB;TERCEIROS ETH;26;VTAL - CE;447;FLA PV;NAO;;33146,19479693473;676,1444095558644;3;3226228;;;;;;0;FECHAMENTO NFV FASE 1/FECHAMENTO LPU VTAL;FORA DE REDE;1;1;TERCEIRO ETH
10768173;-3,9322008;-38,601247;CE;PUB;TERCEIROS ETH;26;VTAL - CE;447;FLA PV;NAO;;22290,325476483904;676,1444095558644;3;3226230;;;;;;0;FECHAMENTO NFV FASE 1/FECHAMENTO LPU VTAL;FORA DE REDE;1;1;TERCEIRO ETH
10768502;-11,4414207;-48,121657;TO;STD;TERCEIROS ETH;26;VTAL - TO;468;PMJ SO;NAO;;10506,532293961976;676,1444095558638;3;3226507;;;;;;0;FECHAMENTO NFV FASE 1/FECHAMENTO LPU VTAL;FORA DE REDE;1;1;TERCEIRO ETH
10768884;-17,7508697;-50,9571932;GO;RVD;TERCEIROS ETH;26;VTAL - GO;450;GNA RD;NAO;;10506,532293961976;192,39555181960478;3;3226851;;;;;;0;FECHAMENTO NFV FASE 1/FECHAMENTO LPU VTAL;FORA DE REDE;1;1;TERCEIRO ETH
10768886;-17,7508697;-50,9571932;GO;RVD;TERCEIROS ETH;26;VTAL - GO;450;GNA RD;NAO;;10506,532293961976;599,8179325161611;3;3226852;;;;;;0;FECHAMENTO NFV FASE 1/FECHAMENTO LPU VTAL;FORA DE REDE;1;1;TERCEIRO ETH
10769102;-12,6702612;-38,2758453;BA;CAR;TERCEIROS ETH;26;VTAL - BA;446;SDR RC;NAO;;22290,325476483904;217,57835924072805;3;3227040;;;;;;0;FECHAMENTO NFV FASE 1/FECHAMENTO LPU VTAL;FORA DE REDE;1;1;TERCEIRO ETH
10769117;-12,6702612;-38,2758453;BA;CAR;TERCEIROS ETH;26;VTAL - BA;446;SDR RC;NAO;;22290,325476483904;217,57835924072805;3;3227047;;;;;;0;FECHAMENTO NFV FASE 1/FECHAMENTO LPU VTAL;FORA DE REDE;1;1;TERCEIRO ETH
10778457;-23,58843;-51,4762;PR;APU;TERCEIROS ETH;26;VTAL - PR;459;CTA MR;NAO;;10404,478669357526;375,9790079306379;3;3235522;;;;;;0;FECHAMENTO NFV FASE 1/FECHAMENTO LPU VTAL;FORA DE REDE;1;1;TERCEIRO ETH
10778459;-23,58843;-51,4762;PR;APU;TERCEIROS ETH;26;VTAL - PR;459;CTA MR;NAO;;10404,478669357526;375,9790079306379;3;3235523;;;;;;0;FECHAMENTO NFV FASE 1/FECHAMENTO LPU VTAL;FORA DE REDE;1;1;TERCEIRO ETH
10778496;-23,58843;-51,4762;PR;APU;TERCEIROS ETH;26;VTAL - PR;459;CTA MR;NAO;;10404,478669357526;375,9790079306379;3;3235554;;;;;;0;FECHAMENTO NFV FASE 1/FECHAMENTO LPU VTAL;FORA DE REDE;1;1;TERCEIRO ETH
10778677;-10,2496093;-48,3122897;TO;PLM;TERCEIROS ETH;26;VTAL - TO;468;PMJ SO;NAO;;10404,478669357526;1718,898999040842;3;3235694;;;;;;0;FECHAMENTO NFV FASE 1/FECHAMENTO LPU VTAL;FORA DE REDE;1;1;TERCEIRO ETH
10778691;-10,2496093;-48,3122897;TO;PLM;TERCEIROS ETH;26;VTAL - TO;468;PMJ SO;NAO;;10404,478669357526;1718,898999040842;3;3235705;;;;;;0;FECHAMENTO NFV FASE 1/FECHAMENTO LPU VTAL;FORA DE REDE;1;1;TERCEIRO ETH
10778824;-22,1725997;-51,3794991;SP;PPE;TERCEIROS ETH;26;GENERICO - ACESSO;1825;SPO IG;NAO;;1000,0;1287,0;3;3235821;;;;;;0;FECHAMENTO NFV FASE 1/FECHAMENTO LPU MEDIANO;FORA DE REDE;1;1;TERCEIRO ETH
10778826;-22,1725997;-51,3794991;SP;PPE;TERCEIROS ETH;26;GENERICO - ACESSO;1825;SPO IG;NAO;;1000,0;1287,0;3;3235823;;;;;;0;FECHAMENTO NFV FASE 1/FECHAMENTO LPU MEDIANO;FORA DE REDE;1;1;TERCEIRO ETH
10782230;-22,8335787;-46,3368195;MG;EXM;TERCEIROS ETH;26;VTAL - MG;452;BHE ES;NAO;;22297,012576483903;876,8026863761946;3;3238487;;;;;;0;FECHAMENTO NFV FASE 1/FECHAMENTO LPU VTAL;FORA DE REDE;1;1;TERCEIRO ETH
10782234;-27,2006048;-48,614514;SC;PEL;TERCEIROS ETH;26;GENERICO - ACESSO;1825;FNS PO;NAO;;1150,0;463,5;3;3238491;;;;;;0;FECHAMENTO NFV FASE 1/FECHAMENTO LPU MEDIANO;FORA DE REDE;1;1;TERCEIRO ETH
10782235;-26,941383;-50,1389673;SC;RCP;TERCEIROS ETH;26;VTAL - SC;465;FNS PO;NAO;;10404,478669357526;227,47565765933243;3;3238492;;;;;;0;FECHAMENTO NFV FASE 1/FECHAMENTO LPU VTAL;FORA DE REDE;1;1;TERCEIRO ETH
10782238;-26,941383;-50,1389673;SC;RCP;TERCEIROS ETH;26;VTAL - SC;465;FNS PO;NAO;;10404,478669357526;634,367131044718;3;3238494;;;;;;0;FECHAMENTO NFV FASE 1/FECHAMENTO LPU VTAL;FORA DE REDE;1;1;TERCEIRO ETH
10782636;-19,9990495;-45,5088394;MG;LPT;TERCEIROS ETH;26;VTAL - MG;452;BHE ES;NAO;;33156,70309693473;395,42033535725403;3;3238877;;;;;;0;FECHAMENTO NFV FASE 1/FECHAMENTO LPU VTAL;FORA DE REDE;1;1;TERCEIRO ETH
10783028;-21,40392;-45,9738;MG;AFN;TERCEIROS ETH;26;VTAL - MG;452;BHE ES;NAO;;10404,478669357526;1035,155279969084;3;3239232;;;;;;0;FECHAMENTO NFV FASE 1/FECHAMENTO LPU VTAL;FORA DE REDE;1;1;TERCEIRO ETH
10783032;-26,35218;-52,84089;SC;SNX;TERCEIROS ETH;26;VTAL - SC;465;FNS PO;NAO;;11048,843060192861;810,5888996088333;3;3239236;;;;;;0;FECHAMENTO NFV FASE 1/FECHAMENTO LPU VTAL;FORA DE REDE;1;1;TERCEIRO ETH
10783042;-26,35218;-52,84089;SC;SNX;TERCEIROS ETH;26;VTAL - SC;465;FNS PO;NAO;;11048,843060192861;810,5888996088333;3;3239246;;;;;;0;FECHAMENTO NFV FASE 1/FECHAMENTO LPU VTAL;FORA DE REDE;1;1;TERCEIRO ETH
10783100;-22,1680125;-51,413529;SP;PPE;TERCEIROS ETH;26;GENERICO - ACESSO;1825;SPO IG;NAO;;850,0;638,0;3;3239281;;;;;;0;FECHAMENTO NFV FASE 1/FECHAMENTO LPU MEDIANO;FORA DE REDE;1;1;TERCEIRO ETH
10783179;-18,5045868;-54,747452;MS;CXM;TERCEIROS ETH;26;VTAL - MS;453;CPE CM;NAO;;9913,716981545453;424,5468807877462;3;3239317;;;;;;0;FECHAMENTO NFV FASE 1/FECHAMENTO LPU VTAL;FORA DE REDE;1;1;TERCEIRO ETH
10783187;-14,778992;-57,286828;MT;NVW;TERCEIROS ETH;26;VTAL - MT;456;CBA MC;NAO;;9913,716981545453;303,8619453905536;3;3239318;;;;;;0;FECHAMENTO NFV FASE 1/FECHAMENTO LPU VTAL;FORA DE REDE;1;1;TERCEIRO ETH
10783190;-19,9694292;-43,9541244;MG;BHE;FO EDD ETH;7;CLARO BRASIL;8;BHE ES;NAO;12042,0;;;;3239321;;;;;;0;FECHAMENTO NFV FASE 1/NECESSARIO CONSTRUCAO DE APROXIMADAMENTE -450.9284947999999 METROS/SITE MGCJA80;;;1;FO EDD FIXA
10783192;-9,557184;-35,743175;AL;MCO;TERCEIROS ETH;26;VTAL - AL;443;MCO MS;NAO;;6504,158902537063;927,9062956087962;3;3239323;;;;;;0;FECHAMENTO NFV FASE 1/FECHAMENTO LPU VTAL;FORA DE REDE;1;1;TERCEIRO ETH
10783706;-22,96899;-43,184445;RJ;RJO;TERCEIROS ETH;26;VTAL - RJ;460;RJO AM;NAO;;8501,152812897524;2523,640100466053;3;3239628;;;;;;0;FECHAMENTO NFV FASE 1/FECHAMENTO LPU VTAL;FORA DE REDE;1;1;TERCEIRO ETH
10783717;-21,7870862;-46,597253;MG;PCS;TERCEIROS ETH;26;VTAL - MG;452;BHE ES;NAO;;10404,478669357526;2273,2914869362494;3;3239634;;;;;;0;FECHAMENTO NFV FASE 1/FECHAMENTO LPU VTAL;FORA DE REDE;1;1;TERCEIRO ETH
10783719;-29,8142065;-55,8087383;RS;ALG;TERCEIROS ETH;26;VTAL - RS;464;PAE BV;NAO;;10404,478669357526;421,7619081778337;3;3239635;;;;;;0;FECHAMENTO NFV FASE 1/FECHAMENTO LPU VTAL;FORA DE REDE;1;1;TERCEIRO ETH
10783720;-29,8142065;-55,8087383;RS;ALG;TERCEIROS ETH;26;VTAL - RS;464;PAE BV;NAO;;10404,478669357526;634,367131044718;3;3239636;;;;;;0;FECHAMENTO NFV FASE 1/FECHAMENTO LPU VTAL;FORA DE REDE;1;1;TERCEIRO ETH
10783721;-22,3399926;-46,922225;SP;MGU;FO EDD CLARO PRE VIAVEL;5;CLARO BRASIL;8;SPO IG;NAO;17345,461072404;;;;3239637;;;;;;0;FECHAMENTO NFV FASE 1/NECESSARIO CONSTRUCAO DE APROXIMADAMENTE 195.86043259999997 METROS/SITE SIMGU12;;;1;FO EDD PV
10783727;-28,3043992;-54,2860906;RS;SAN;TERCEIROS ETH;26;VTAL - RS;464;PAE BV;NAO;;11048,843060192861;421,7619081778337;3;3239639;;;;;;0;FECHAMENTO NFV FASE 1/FECHAMENTO LPU VTAL;FORA DE REDE;1;1;TERCEIRO ETH
10783728;-28,3043992;-54,2860906;RS;SAN;TERCEIROS ETH;26;VTAL - RS;464;PAE BV;NAO;;11048,843060192861;634,367131044718;3;3239640;;;;;;0;FECHAMENTO NFV FASE 1/FECHAMENTO LPU VTAL;FORA DE REDE;1;1;TERCEIRO ETH
10783730;-18,9468074;-48,3462374;MG;ULA;FO EDD ETH;7;CLARO BRASIL;8;BHE ES;NAO;50577,641310992;;;;3239641;;;;;;0;FECHAMENTO NFV FASE 1/NECESSARIO CONSTRUCAO DE APROXIMADAMENTE 999.8869048 METROS/SITE MGULA90;;;1;FO EDD FIXA
10783736;-3,0944418;-60,022883;AM;MNS;TERCEIROS ETH;26;VTAL - AM;444;MNS EM;NAO;;9225,91500244209;625,444154622077;3;3239644;;;;;;0;FECHAMENTO NFV FASE 1/FECHAMENTO LPU VTAL;FORA DE REDE;1;1;TERCEIRO ETH
10783754;-22,8729774;-42,0356482;RJ;CBF;TERCEIROS ETH;26;VTAL - RJ;460;RJO AM;NAO;;9913,716981545453;4540,551449673381;3;3239652;;;;;;0;FECHAMENTO NFV FASE 1/FECHAMENTO LPU VTAL;FORA DE REDE;1;1;TERCEIRO ETH
10783755;-22,8729774;-42,0356482;RJ;CBF;FO EDD DIRETO CLARO;6;CLARO BRASIL;8;RJO AM;NAO;20659,208955668;;;;3239653;;;;;;0;FECHAMENTO NFV FASE 1/NECESSARIO CONSTRUCAO DE APROXIMADAMENTE 281.84247419999997 METROS/SITE RJCBF16;;;1;FO EDD DC
10783794;-17,5585477;-52,551906;GO;MNI;TERCEIROS ETH;26;VTAL - GO;450;GNA RD;NAO;;9913,716981545453;386,866771323431;3;3239679;;;;;;0;FECHAMENTO NFV FASE 1/FECHAMENTO LPU VTAL;FORA DE REDE;1;1;TERCEIRO ETH
10783811;-2,4260792;-54,729408;PA;SRM;FO EDD CLARO PRE VIAVEL;5;CLARO BRASIL;8;BLM QB;NAO;9797,0;;;;3239683;;;;;;0;FECHAMENTO NFV FASE 1/NECESSARIO CONSTRUCAO DE APROXIMADAMENTE -376.1019192 METROS/SITE PASRM41;;;1;FO EDD PV
10783822;-3,0561345;-60,081566;AM;MNS;FO EDD DIRETO CLARO;6;CLARO BRASIL;8;MNS EM;NAO;9797,0;;;;3239686;;;;;;0;FECHAMENTO NFV FASE 1/NECESSARIO CONSTRUCAO DE APROXIMADAMENTE -210.67498619999995 METROS/SITE AMMNS66;;;1;FO EDD DC
10783847;-22,9042416;-43,5714883;RJ;RJO;TERCEIROS ETH;26;VTAL - RJ;460;RJO AM;NAO;;8501,152812897524;1397,1201258202702;3;3239698;;;;;;0;FECHAMENTO NFV FASE 1/FECHAMENTO LPU VTAL;FORA DE REDE;1;1;TERCEIRO ETH
10783848;-10,963291;-37,538481;SE;LAT;TERCEIROS ETH;26;VTAL - SE;466;AJU IT;NAO;;33146,19479693473;550,4278238142125;3;3239699;;;;;;0;FECHAMENTO NFV FASE 1/FECHAMENTO LPU VTAL;FORA DE REDE;1;1;TERCEIRO ETH
10783849;-22,87615;-43,46558;RJ;RJO;TERCEIROS ETH;26;VTAL - RJ;460;RJO AM;NAO;;8501,152812897524;1397,1201258202702;3;3239700;;;;;;0;FECHAMENTO NFV FASE 1/FECHAMENTO LPU VTAL;FORA DE REDE;1;1;TERCEIRO ETH
10783851;-22,8862398;-43,5600225;RJ;RJO;TERCEIROS ETH;26;VTAL - RJ;460;RJO AM;NAO;;8501,152812897524;721,836517278302;3;3239701;;;;;;0;FECHAMENTO NFV FASE 1/FECHAMENTO LPU VTAL;FORA DE REDE;1;1;TERCEIRO ETH
10783864;-11,4291605;-61,473816;RO;CWL;TERCEIROS ETH;26;VTAL - RO;462;PVO FQ;NAO;;9913,716981545453;558,2783100497286;3;3239706;;;;;;0;FECHAMENTO NFV FASE 1/FECHAMENTO LPU VTAL;FORA DE REDE;1;1;TERCEIRO ETH
10783866;-14,6096631;-57,474648;MT;TGS;TERCEIROS ETH;26;VTAL - MT;456;CBA MC;NAO;;9913,716981545453;386,866771323431;3;3239707;;;;;;0;FECHAMENTO NFV FASE 1/FECHAMENTO LPU VTAL;FORA DE REDE;1;1;TERCEIRO ETH
10783868;-23,409615;-46,5782922;SP;SPO;TERCEIROS ETH;26;GENERICO - ACESSO;1825;SPO IG;NAO;;1000,0;639,0;3;3239708;;;;;;0;FECHAMENTO NFV FASE 1/FECHAMENTO LPU MEDIANO;FORA DE REDE;1;1;TERCEIRO ETH
10783909;-20,46712;-54,59783;MS;CGN;FO EDD ETH;7;CLARO BRASIL;8;CPE CM;NAO;12042,0;;;;3239722;;;;;;0;FECHAMENTO NFV FASE 1/NECESSARIO CONSTRUCAO DE APROXIMADAMENTE -315.90473879999996 METROS/SITE MSCPE0U;;;1;FO EDD FIXA
10783914;-20,8920284;-47,011759;MG;SSP;TERCEIROS ETH;26;VTAL - MG;452;BHE ES;NAO;;22297,012576483903;395,42033535725403;3;3239723;;;;;;0;FECHAMENTO NFV FASE 1/FECHAMENTO LPU VTAL;FORA DE REDE;1;1;TERCEIRO ETH
10783915;-17,7508033;-50,9571932;GO;RVD;TERCEIROS ETH;26;VTAL - GO;450;GNA RD;NAO;;10506,532293961976;192,39555181960478;3;3239724;;;;;;0;FECHAMENTO NFV FASE 1/FECHAMENTO LPU VTAL;FORA DE REDE;1;1;TERCEIRO ETH
10783916;-17,7508033;-50,9571932;GO;RVD;TERCEIROS ETH;26;VTAL - GO;450;GNA RD;NAO;;10506,532293961976;599,8179325161611;3;3239725;;;;;;0;FECHAMENTO NFV FASE 1/FECHAMENTO LPU VTAL;FORA DE REDE;1;1;TERCEIRO ETH
10783924;-21,1332266;-41,671005;RJ;BJO;TERCEIROS ETH;26;VTAL - RJ;460;RJO AM;NAO;;9913,716981545453;615,0832343144712;3;3239731;;;;;;0;FECHAMENTO NFV FASE 1/FECHAMENTO LPU VTAL;FORA DE REDE;1;1;TERCEIRO ETH
10783928;-14,8048693;-39,2922081;BA;ITB;TERCEIROS ETH;26;VTAL - BA;446;SDR RC;NAO;;9913,716981545453;205,45660804545236;3;3239735;;;;;;0;FECHAMENTO NFV FASE 1/FECHAMENTO LPU VTAL;FORA DE REDE;1;1;TERCEIRO ETH
10783935;-18,9464463;-48,3462378;MG;ULA;FO EDD ETH;7;CLARO BRASIL;8;BHE ES;NAO;49043,772319371994;;;;3239737;;;;;;0;FECHAMENTO NFV FASE 1/NECESSARIO CONSTRUCAO DE APROXIMADAMENTE 960.0875017999999 METROS/SITE MGULA90;;;1;FO EDD FIXA
10783936;-18,9468074;-48,3462374;MG;ULA;FO EDD ETH;7;CLARO BRASIL;8;BHE ES;NAO;50577,641310992;;;;3239738;;;;;;0;FECHAMENTO NFV FASE 1/NECESSARIO CONSTRUCAO DE APROXIMADAMENTE 999.8869048 METROS/SITE MGULA90;;;1;FO EDD FIXA
10783943;-23,644317;-46,4651011;SP;MAU;FO EDD CLARO PRE VIAVEL;5;CLARO BRASIL;8;SPO IG;NAO;9797,0;;;;3239743;;;;;;0;FECHAMENTO NFV FASE 1/NECESSARIO CONSTRUCAO DE APROXIMADAMENTE -374.3402838 METROS/SITE SMMAU52;;;1;FO EDD PV
10783951;-22,9504393;-43,1806944;RJ;RJO;TERCEIROS ETH;26;VTAL - RJ;460;RJO AM;NAO;;8501,152812897524;2523,640100466053;3;3239746;;;;;;0;FECHAMENTO NFV FASE 1/FECHAMENTO LPU VTAL;FORA DE REDE;1;1;TERCEIRO ETH
10784002;-22,9040908;-43,1748837;RJ;RJO;FO EDD ETH;7;CLARO BRASIL;8;RJO AM;NAO;12042,0;;;;3239783;;;;;;0;FECHAMENTO NFV FASE 1/NECESSARIO CONSTRUCAO DE APROXIMADAMENTE -700.0 METROS/SITE RJCEN06;;;1;FO EDD FIXA
10784005;-22,9126406;-43,2138737;RJ;RJO;FO EDD DIRETO CLARO;6;CLARO BRASIL;8;RJO AM;NAO;9797,0;;;;3239785;;;;;;0;FECHAMENTO NFV FASE 1/NECESSARIO CONSTRUCAO DE APROXIMADAMENTE -352.03487759999996 METROS/SITE RJRCP22;;;1;FO EDD DC
10784020;-13,2737759;-43,3937359;BA;BMP;TERCEIROS ETH;26;VTAL - BA;446;SDR RC;NAO;;10506,532293961976;243,47058675690167;3;3239794;;;;;;0;FECHAMENTO NFV FASE 1/FECHAMENTO LPU VTAL;FORA DE REDE;1;1;TERCEIRO ETH
10784050;-23,5403106;-46,627285;SP;SPO;TERCEIROS ETH;26;GENERICO - ACESSO;1825;SPO IG;NAO;;1850,0;2254,5;3;3239807;;;;;;0;FECHAMENTO NFV FASE 1/FECHAMENTO LPU MEDIANO;FORA DE REDE;1;1;TERCEIRO ETH
10784108;-22,9023454;-43,1738055;RJ;RJO;FO EDD ETH;7;CLARO BRASIL;8;RJO AM;NAO;12042,0;;;;3239829;;;;;;0;FECHAMENTO NFV FASE 1/NECESSARIO CONSTRUCAO DE APROXIMADAMENTE -700.0 METROS/SITE RJCEN06;;;1;FO EDD FIXA
10784089;-20,7702334;-45,2747203;MG;CIS;TERCEIROS ETH;26;VTAL - MG;452;BHE ES;NAO;;9913,716981545453;599,8179325161611;3;3239836;;;;;;0;FECHAMENTO NFV FASE 1/FECHAMENTO LPU VTAL;FORA DE REDE;1;1;TERCEIRO ETH
10784101;-26,35218;-52,84089;SC;SNX;TERCEIROS ETH;26;VTAL - SC;465;FNS PO;NAO;;11048,843060192861;810,5888996088333;3;3239838;;;;;;0;FECHAMENTO NFV FASE 1/FECHAMENTO LPU VTAL;FORA DE REDE;1;1;TERCEIRO ETH
10784104;-29,3215526;-51,5015827;RS;CLB;TERCEIROS ETH;26;VTAL - RS;464;PAE BV;NAO;;10404,478669357526;220,94751392671927;3;3239841;;;;;;0;FECHAMENTO NFV FASE 1/FECHAMENTO LPU VTAL;FORA DE REDE;1;1;TERCEIRO ETH
10784105;-29,3215526;-51,5015827;RS;CLB;TERCEIROS ETH;26;VTAL - RS;464;PAE BV;NAO;;10404,478669357526;467,21769489801534;3;3239842;;;;;;0;FECHAMENTO NFV FASE 1/FECHAMENTO LPU VTAL;FORA DE REDE;1;1;TERCEIRO ETH
10784121;-21,654321;-46,3961912;MG;BHS;TERCEIROS ETH;26;VTAL - MG;452;BHE ES;NAO;;10404,478669357526;7165,7362583739905;3;3239844;;;;;;0;FECHAMENTO NFV FASE 1/FECHAMENTO LPU VTAL;FORA DE REDE;1;1;TERCEIRO ETH
10784146;-1,40264487;-48,4280331;PA;BLX;TERCEIROS ETH;26;GENERICO - ACESSO;1825;BLM QB;NAO;;3000,0;2477,38;3;3239855;;;;;;0;FECHAMENTO NFV FASE 1/FECHAMENTO LPU MEDIANO;FORA DE REDE;1;1;TERCEIRO ETH
10784169;-25,439774;-49,343328;PR;CTA;FO EDD ETH;7;CLARO BRASIL;8;CTA MR;NAO;12042,0;;;;3239875;;;;;;0;FECHAMENTO NFV FASE 1/NECESSARIO CONSTRUCAO DE APROXIMADAMENTE -700.0 METROS/SITE PRCCE53;;;1;FO EDD FIXA
10784170;-25,439774;-49,343328;PR;CTA;FO EDD ETH;7;CLARO BRASIL;8;CTA MR;NAO;12042,0;;;;3239876;;;;;;0;FECHAMENTO NFV FASE 1/NECESSARIO CONSTRUCAO DE APROXIMADAMENTE -700.0 METROS/SITE PRCCE53;;;1;FO EDD FIXA
10784171;-25,439774;-49,343328;PR;CTA;FO EDD ETH;7;CLARO BRASIL;8;CTA MR;NAO;12042,0;;;;3239877;;;;;;0;FECHAMENTO NFV FASE 1/NECESSARIO CONSTRUCAO DE APROXIMADAMENTE -700.0 METROS/SITE PRCCE53;;;1;FO EDD FIXA
10784177;-25,7052054;-49,2797586;PR;FZR;TERCEIROS ETH;26;VTAL - PR;459;CTA MR;NAO;;22297,012576483903;322,319099579751;3;3239878;;;;;;0;FECHAMENTO NFV FASE 1/FECHAMENTO LPU VTAL;FORA DE REDE;1;1;TERCEIRO ETH
10784178;-25,7052054;-49,2797586;PR;FZR;TERCEIROS ETH;26;VTAL - PR;459;CTA MR;NAO;;22297,012576483903;1339,9339659319376;3;3239879;;;;;;0;FECHAMENTO NFV FASE 1/FECHAMENTO LPU VTAL;FORA DE REDE;1;1;TERCEIRO ETH
10784181;-25,4142751;-51,486856;PR;GRP;TERCEIROS ETH;26;VTAL - PR;459;CTA MR;NAO;;10404,478669357526;309,49096260829856;3;3239880;;;;;;0;FECHAMENTO NFV FASE 1/FECHAMENTO LPU VTAL;FORA DE REDE;1;1;TERCEIRO ETH
10784183;-25,4142751;-51,486856;PR;GRP;TERCEIROS ETH;26;VTAL - PR;459;CTA MR;NAO;;10404,478669357526;459,3630814344071;3;3239882;;;;;;0;FECHAMENTO NFV FASE 1/FECHAMENTO LPU VTAL;FORA DE REDE;1;1;TERCEIRO ETH
10784184;-25,4142751;-51,486856;PR;GRP;TERCEIROS ETH;26;VTAL - PR;459;CTA MR;NAO;;10404,478669357526;260,01795992219854;3;3239883;;;;;;0;FECHAMENTO NFV FASE 1/FECHAMENTO LPU VTAL;FORA DE REDE;1;1;TERCEIRO ETH
10784186;-25,6486533;-49,308305;PR;FZR;TERCEIROS ETH;26;VTAL - PR;459;CTA MR;NAO;;10404,478669357526;2094,8909095211043;3;3239885;;;;;;0;FECHAMENTO NFV FASE 1/FECHAMENTO LPU VTAL;FORA DE REDE;1;1;TERCEIRO ETH
10784187;-16,8227495;-49,2670742;GO;ACG;FO EDD DIRETO CLARO;6;CLARO BRASIL;8;GNA RD;NAO;13727,294893951997;;;;3239886;;;;;;0;FECHAMENTO NFV FASE 1/NECESSARIO CONSTRUCAO DE APROXIMADAMENTE 101.97962879999994 METROS/SITE GOACG63;;;1;FO EDD DC
10784188;-22,131772;-51,4072213;SP;PPE;FO EDD DIRETO CLARO;6;CLARO BRASIL;8;SPO IG;NAO;9797,0;;;;3239887;;;;;;0;FECHAMENTO NFV FASE 1/NECESSARIO CONSTRUCAO DE APROXIMADAMENTE -185.83435780000002 METROS/SITE SIPPE33;;;1;FO EDD DC
10784190;-19,741766;-40,658148;ES;SORE;TERCEIROS ETH;26;VTAL - ES;449;VTA JM;NAO;;10404,478669357526;233,53675807489208;3;3239889;;;;;;0;FECHAMENTO NFV FASE 1/FECHAMENTO LPU VTAL;FORA DE REDE;1;1;TERCEIRO ETH
10784193;-22,504335;-44,009857;RJ;PNHE;TERCEIROS ETH;26;VTAL - RJ;460;RJO AM;NAO;;9913,716981545453;314,00586968310137;3;3239890;;;;;;0;FECHAMENTO NFV FASE 1/FECHAMENTO LPU VTAL;FORA DE REDE;1;1;TERCEIRO ETH
10784208;-22,610506;-43,708774;RJ;PBI;TERCEIROS ETH;26;GENERICO - ACESSO;1825;RJO AM;NAO;;850,0;369,0;3;3239892;;;;;;0;FECHAMENTO NFV FASE 1/FECHAMENTO LPU MEDIANO;FORA DE REDE;1;1;TERCEIRO ETH
10784210;-20,929043;-41,868242;RJ;VASA;TERCEIROS ETH;26;VTAL - RJ;460;RJO AM;NAO;;9913,716981545453;339,7949746439007;3;3239893;;;;;;0;FECHAMENTO NFV FASE 1/FECHAMENTO LPU VTAL;FORA DE REDE;1;1;TERCEIRO ETH
10784216;-22,46725;-43,826126;RJ;BPI;TERCEIROS ETH;26;VTAL - RJ;460;RJO AM;NAO;;9913,716981545453;314,00586968310137;3;3239896;;;;;;0;FECHAMENTO NFV FASE 1/FECHAMENTO LPU VTAL;FORA DE REDE;1;1;TERCEIRO ETH
10784224;-1,365518;-48,344662;PA;MTUB;TERCEIROS ETH;26;VTAL - PA;454;BLM QB;NAO;;9913,716981545453;208,61749475093822;3;3239898;;;;;;0;FECHAMENTO NFV FASE 1/FECHAMENTO LPU VTAL;FORA DE REDE;1;1;TERCEIRO ETH
10784232;-22,6464991;-42,0039075;RJ;CBF;TERCEIROS ETH;26;VTAL - RJ;460;RJO AM;NAO;;9913,716981545453;314,00586968310137;3;3239900;;;;;;0;FECHAMENTO NFV FASE 1/FECHAMENTO LPU VTAL;FORA DE REDE;1;1;TERCEIRO ETH
10784238;-5,172984;-47,782908;MA;CDLI;TERCEIROS ETH;26;VTAL - MA;451;SLS US;NAO;;9913,716981545453;250,99082140821633;3;3239902;;;;;;0;FECHAMENTO NFV FASE 1/FECHAMENTO LPU VTAL;FORA DE REDE;1;1;TERCEIRO ETH
10784244;-20,316987;-40,803768;ES;DGM;TERCEIROS ETH;26;VTAL - ES;449;VTA JM;NAO;;10404,478669357526;233,53675807489208;3;3239906;;;;;;0;FECHAMENTO NFV FASE 1/FECHAMENTO LPU VTAL;FORA DE REDE;1;1;TERCEIRO ETH
10784245;-4,032424;-44,465734;MA;SMH;TERCEIROS ETH;26;VTAL - MA;451;SLS US;NAO;;9913,716981545453;212,81610288719523;3;3239907;;;;;;0;FECHAMENTO NFV FASE 1/FECHAMENTO LPU VTAL;FORA DE REDE;1;1;TERCEIRO ETH
10784251;-27,09665;-53,59391;SC;SOJA;TERCEIROS ETH;26;VTAL - SC;465;FNS PO;NAO;;10404,478669357526;467,2176948980151;3;3239908;;;;;;0;FECHAMENTO NFV FASE 1/FECHAMENTO LPU VTAL;FORA DE REDE;1;1;TERCEIRO ETH
10784254;-26,891433;-53,173107;SC;CNP;TERCEIROS ETH;26;VTAL - SC;465;FNS PO;NAO;;10404,478669357526;236,33810574892294;3;3239909;;;;;;0;FECHAMENTO NFV FASE 1/FECHAMENTO LPU VTAL;FORA DE REDE;1;1;TERCEIRO ETH
10784259;-26,779118;-52,059479;SC;PSMA;TERCEIROS ETH;26;VTAL - SC;465;FNS PO;NAO;;10404,478669357526;236,33810574892294;3;3239911;;;;;;0;FECHAMENTO NFV FASE 1/FECHAMENTO LPU VTAL;FORA DE REDE;1;1;TERCEIRO ETH
10784264;-26,068002;-53,726104;PR;SSU;TERCEIROS ETH;26;VTAL - PR;459;CTA MR;NAO;;11048,843060192861;243,69760059066576;3;3239912;;;;;;0;FECHAMENTO NFV FASE 1/FECHAMENTO LPU VTAL;FORA DE REDE;1;1;TERCEIRO ETH
10784269;-10,848551;-55,184285;MT;NSH;TERCEIROS ETH;26;VTAL - MT;456;CBA MC;NAO;;9913,716981545453;243,47058675690167;3;3239916;;;;;;0;FECHAMENTO NFV FASE 1/FECHAMENTO LPU VTAL;FORA DE REDE;1;1;TERCEIRO ETH
10784270;-17,35251;-52,679202;GO;PEX;TERCEIROS ETH;26;VTAL - GO;450;GNA RD;NAO;;10506,532293961976;243,47058675690167;3;3239917;;;;;;0;FECHAMENTO NFV FASE 1/FECHAMENTO LPU VTAL;FORA DE REDE;1;1;TERCEIRO ETH
10784273;-18,13685;-48,085753;GO;GON;TERCEIROS ETH;26;VTAL - GO;450;GNA RD;NAO;;9913,716981545453;217,57835924072805;3;3239918;;;;;;0;FECHAMENTO NFV FASE 1/FECHAMENTO LPU VTAL;FORA DE REDE;1;1;TERCEIRO ETH
10784274;-9,947959;-54,905095;MT;GDN;TERCEIROS ETH;26;VTAL - MT;456;CBA MC;NAO;;9913,716981545453;243,47058675690167;3;3239919;;;;;;0;FECHAMENTO NFV FASE 1/FECHAMENTO LPU VTAL;FORA DE REDE;1;1;TERCEIRO ETH
10784276;-17,288712;-49,379774;GO;CNY;TERCEIROS ETH;26;VTAL - GO;450;GNA RD;NAO;;9913,716981545453;217,57835924072805;3;3239921;;;;;;0;FECHAMENTO NFV FASE 1/FECHAMENTO LPU VTAL;FORA DE REDE;1;1;TERCEIRO ETH
10784278;-18,3954806;-52,6675686;GO;COCE;FO EDD DIRETO CLARO;6;CLARO BRASIL;8;GNA RD;NAO;9809,738256216;;;;3239922;;;;;;0;FECHAMENTO NFV FASE 1/NECESSARIO CONSTRUCAO DE APROXIMADAMENTE 0.3305204000000003 METROS/SITE GOCOC01;;;1;FO EDD DC
10784279;-14,013958;-49,178237;GO;MAO;TERCEIROS ETH;26;VTAL - GO;450;GNA RD;NAO;;9913,716981545453;217,57835924072805;3;3239923;;;;;;0;FECHAMENTO NFV FASE 1/FECHAMENTO LPU VTAL;FORA DE REDE;1;1;TERCEIRO ETH
10784285;-7,222514;-37,255476;PB;TXE;TERCEIROS ETH;26;VTAL - PB;455;JPA TR;NAO;;9913,716981545453;224,93785408247103;3;3239927;;;;;;0;FECHAMENTO NFV FASE 1/FECHAMENTO LPU VTAL;FORA DE REDE;1;1;TERCEIRO ETH
10784290;-12,090564;-51,401153;MT;SNDU;TERCEIROS ETH;26;VTAL - MT;456;CBA MC;NAO;;9913,716981545453;259,5553564512665;3;3239929;;;;;;0;FECHAMENTO NFV FASE 1/FECHAMENTO LPU VTAL;FORA DE REDE;1;1;TERCEIRO ETH
10784291;-10,705919;-48,413964;TO;PXC;TERCEIROS ETH;26;VTAL - TO;468;PMJ SO;NAO;;9913,716981545453;212,81610288719523;3;3239930;;;;;;0;FECHAMENTO NFV FASE 1/FECHAMENTO LPU VTAL;FORA DE REDE;1;1;TERCEIRO ETH
10784294;-10,16873;-54,935811;MT;MTK;TERCEIROS ETH;26;VTAL - MT;456;CBA MC;NAO;;9913,716981545453;243,47058675690167;3;3239932;;;;;;0;FECHAMENTO NFV FASE 1/FECHAMENTO LPU VTAL;FORA DE REDE;1;1;TERCEIRO ETH
10784298;-8,685028;-35,588535;PE;PLS;TERCEIROS ETH;26;VTAL - PE;457;RCE AM;NAO;;9913,716981545453;212,81610288719523;3;3239934;;;;;;0;FECHAMENTO NFV FASE 1/FECHAMENTO LPU VTAL;FORA DE REDE;1;1;TERCEIRO ETH
10784299;-16,703365;-49,23554;GO;GNA;FO EDD CLARO PRE VIAVEL;5;CLARO BRASIL;8;GNA RD;NAO;9797,0;;;;3239935;;;;;;0;FECHAMENTO NFV FASE 1/NECESSARIO CONSTRUCAO DE APROXIMADAMENTE -576.8608874 METROS/SITE GOGNAG3;;;1;FO EDD PV
10784300;-15,32465;-49,116079;GO;GNE;TERCEIROS ETH;26;VTAL - GO;450;GNA RD;NAO;;9913,716981545453;217,57835924072805;3;3239936;;;;;;0;FECHAMENTO NFV FASE 1/FECHAMENTO LPU VTAL;FORA DE REDE;1;1;TERCEIRO ETH
10784306;-18,142176;-48,562125;GO;CUM;TERCEIROS ETH;26;VTAL - GO;450;GNA RD;NAO;;9913,716981545453;217,57835924072805;3;3239940;;;;;;0;FECHAMENTO NFV FASE 1/FECHAMENTO LPU VTAL;FORA DE REDE;1;1;TERCEIRO ETH
10784311;-15,837977;-54,387394;MT;PXO;TERCEIROS ETH;26;VTAL - MT;456;CBA MC;NAO;;9913,716981545453;217,57835924072805;3;3239942;;;;;;0;FECHAMENTO NFV FASE 1/FECHAMENTO LPU VTAL;FORA DE REDE;1;1;TERCEIRO ETH
10784326;-14,859464;-49,334187;GO;SZK;TERCEIROS ETH;26;VTAL - GO;450;GNA RD;NAO;;9913,716981545453;217,57835924072805;3;3239949;;;;;;0;FECHAMENTO NFV FASE 1/FECHAMENTO LPU VTAL;FORA DE REDE;1;1;TERCEIRO ETH
10784328;-15,150672;-49,575211;GO;NAG;TERCEIROS ETH;26;VTAL - GO;450;GNA RD;NAO;;9913,716981545453;217,57835924072805;3;3239950;;;;;;0;FECHAMENTO NFV FASE 1/FECHAMENTO LPU VTAL;FORA DE REDE;1;1;TERCEIRO ETH
10784329;-6,778526;-43,027498;PI;FLO;TERCEIROS ETH;26;VTAL - PI;458;TSA AN;NAO;;10506,532293961976;224,93785408247103;3;3239951;;;;;;0;FECHAMENTO NFV FASE 1/FECHAMENTO LPU VTAL;FORA DE REDE;1;1;TERCEIRO ETH
10784330;-11,008777;-55,243687;MT;IUZ;TERCEIROS ETH;26;VTAL - MT;456;CBA MC;NAO;;9913,716981545453;243,47058675690167;3;3239952;;;;;;0;FECHAMENTO NFV FASE 1/FECHAMENTO LPU VTAL;FORA DE REDE;1;1;TERCEIRO ETH
10784331;-8,073135;-37,2662;PE;STN;TERCEIROS ETH;26;VTAL - PE;457;RCE AM;NAO;;9913,716981545453;224,93785408247103;3;3239953;;;;;;0;FECHAMENTO NFV FASE 1/FECHAMENTO LPU VTAL;FORA DE REDE;1;1;TERCEIRO ETH
10784332;-10,365553;-64,802833;RO;NVME;TERCEIROS ETH;26;VTAL - RO;462;PVO FQ;NAO;;9913,716981545453;224,93785408247103;3;3239954;;;;;;0;FECHAMENTO NFV FASE 1/FECHAMENTO LPU VTAL;FORA DE REDE;1;1;TERCEIRO ETH
10784336;-14,956099;-49,547267;GO;ICI;TERCEIROS ETH;26;VTAL - GO;450;GNA RD;NAO;;9913,716981545453;205,45660804545236;3;3239956;;;;;;0;FECHAMENTO NFV FASE 1/FECHAMENTO LPU VTAL;FORA DE REDE;1;1;TERCEIRO ETH
10784338;-15,45788;-55,746669;MT;CGI;TERCEIROS ETH;26;VTAL - MT;456;CBA MC;NAO;;9913,716981545453;205,45660804545236;3;3239958;;;;;;0;FECHAMENTO NFV FASE 1/FECHAMENTO LPU VTAL;FORA DE REDE;1;1;TERCEIRO ETH
10784341;-13,494892;-60,54239;RO;CBXI;FO EDD DIRETO CLARO;6;CLARO BRASIL;8;PVO FQ;NAO;31894,228835751997;;;;3239961;;;;;;0;FECHAMENTO NFV FASE 1/NECESSARIO CONSTRUCAO DE APROXIMADAMENTE 573.3582988 METROS/SITE ROCBX01;;;1;FO EDD DC
10784343;-7,592507;-37,540358;PE;TBR;TERCEIROS ETH;26;VTAL - PE;457;RCE AM;NAO;;9913,716981545453;250,99082140821633;3;3239962;;;;;;0;FECHAMENTO NFV FASE 1/FECHAMENTO LPU VTAL;FORA DE REDE;1;1;TERCEIRO ETH
10784344;-15,47044;-58,346284;MT;APT;TERCEIROS ETH;26;VTAL - MT;456;CBA MC;NAO;;9913,716981545453;205,45660804545236;3;3239963;;;;;;0;FECHAMENTO NFV FASE 1/FECHAMENTO LPU VTAL;FORA DE REDE;1;1;TERCEIRO ETH
10784350;-15,00325;-59,945319;MT;VBS;FO EDD DIRETO CLARO;6;CLARO BRASIL;8;CBA MC;NAO;20196,746036596;;;;3239965;;;;;;0;FECHAMENTO NFV FASE 1/NECESSARIO CONSTRUCAO DE APROXIMADAMENTE 269.84291740000003 METROS/SITE MTVBS01;;;1;FO EDD DC
10784351;-15,967716;-54,965153;MT;JCR;TERCEIROS ETH;26;VTAL - MT;456;CBA MC;NAO;;9913,716981545453;217,57835924072805;3;3239966;;;;;;0;FECHAMENTO NFV FASE 1/FECHAMENTO LPU VTAL;FORA DE REDE;1;1;TERCEIRO ETH
10784353;-9,527564;-48,591443;TO;MRR;TERCEIROS ETH;26;VTAL - TO;468;PMJ SO;NAO;;9913,716981545453;212,81610288719523;3;3239967;;;;;;0;FECHAMENTO NFV FASE 1/FECHAMENTO LPU VTAL;FORA DE REDE;1;1;TERCEIRO ETH
10784354;-13,658466;-57,891109;MT;CZN;TERCEIROS ETH;26;VTAL - MT;456;CBA MC;NAO;;9913,716981545453;217,57835924072805;3;3239968;;;;;;0;FECHAMENTO NFV FASE 1/FECHAMENTO LPU VTAL;FORA DE REDE;1;1;TERCEIRO ETH
10784355;-18,754901;-50,944221;GO;CCL;FO EDD DIRETO CLARO;6;CLARO BRASIL;8;GNA RD;NAO;21150,011778136002;;;;3239969;;;;;;0;FECHAMENTO NFV FASE 1/NECESSARIO CONSTRUCAO DE APROXIMADAMENTE 294.5773684 METROS/SITE GOCCL01;;;1;FO EDD DC
10784356;-13,715979;-59,260742;MT;CSDJ;TERCEIROS ETH;26;VTAL - MT;456;CBA MC;NAO;;9913,716981545453;217,57835924072805;3;3239970;;;;;;0;FECHAMENTO NFV FASE 1/FECHAMENTO LPU VTAL;FORA DE REDE;1;1;TERCEIRO ETH
10784357;-18,056993;-48,257446;GO;NAU;TERCEIROS ETH;26;VTAL - GO;450;GNA RD;NAO;;9913,716981545453;217,57835924072805;3;3239971;;;;;;0;FECHAMENTO NFV FASE 1/FECHAMENTO LPU VTAL;FORA DE REDE;1;1;TERCEIRO ETH
10784358;-16,050199;-54,887002;MT;JIA;TERCEIROS ETH;26;VTAL - MT;456;CBA MC;NAO;;9913,716981545453;217,57835924072805;3;3239972;;;;;;0;FECHAMENTO NFV FASE 1/FECHAMENTO LPU VTAL;FORA DE REDE;1;1;TERCEIRO ETH
10784359;-15,167991;-48,284994;GO;PBN;TERCEIROS ETH;26;VTAL - GO;450;GNA RD;NAO;;9913,716981545453;201,2579999091953;3;3239973;;;;;;0;FECHAMENTO NFV FASE 1/FECHAMENTO LPU VTAL;FORA DE REDE;1;1;TERCEIRO ETH
10784363;-11,011511;-68,743211;AC;BLI;TERCEIROS ETH;26;VTAL - AC;619;RBO RB;NAO;;9913,716981545453;289,7296941510642;3;3239976;;;;;;0;FECHAMENTO NFV FASE 1/FECHAMENTO LPU VTAL;FORA DE REDE;1;1;TERCEIRO ETH
10784370;-13,529858;-48,214621;GO;MKU;TERCEIROS ETH;26;VTAL - GO;450;GNA RD;NAO;;9913,716981545453;243,47058675690167;3;3239981;;;;;;0;FECHAMENTO NFV FASE 1/FECHAMENTO LPU VTAL;FORA DE REDE;1;1;TERCEIRO ETH
10784375;-15,778545;-48,767331;GO;CCZH;TERCEIROS ETH;26;VTAL - GO;450;GNA RD;NAO;;9913,716981545453;217,57835924072805;3;3239985;;;;;;0;FECHAMENTO NFV FASE 1/FECHAMENTO LPU VTAL;FORA DE REDE;1;1;TERCEIRO ETH
10784379;-15,324982;-49,117047;GO;GNE;TERCEIROS ETH;26;VTAL - GO;450;GNA RD;NAO;;9913,716981545453;217,57835924072805;3;3239987;;;;;;0;FECHAMENTO NFV FASE 1/FECHAMENTO LPU VTAL;FORA DE REDE;1;1;TERCEIRO ETH
10784380;-18,444122;-50,139449;GO;GVA;FO EDD DIRETO CLARO;6;CLARO BRASIL;8;GNA RD;NAO;12323,639319987999;;;;3239988;;;;;;0;FECHAMENTO NFV FASE 1/NECESSARIO CONSTRUCAO DE APROXIMADAMENTE 65.55888219999997 METROS/SITE GOGVA01;;;1;FO EDD DC
10784381;-25,568111;-49,3843432;PR;AUC;TERCEIROS ETH;26;VTAL - PR;459;CTA MR;NAO;;10404,478669357526;1214,2137983420737;3;3239989;;;;;;0;FECHAMENTO NFV FASE 1/FECHAMENTO LPU VTAL;FORA DE REDE;1;1;TERCEIRO ETH
10784385;-25,568111;-49,3843432;PR;AUC;TERCEIROS ETH;26;VTAL - PR;459;CTA MR;NAO;;10404,478669357526;2728,2694004383775;3;3239992;;;;;;0;FECHAMENTO NFV FASE 1/FECHAMENTO LPU VTAL;FORA DE REDE;1;1;TERCEIRO ETH
10784389;-1,37748923;-48,3522067;PA;AIU;TERCEIROS ETH;26;VTAL - PA;454;BLM QB;NAO;;9913,716981545453;676,1444095558644;3;3239995;;;;;;0;FECHAMENTO NFV FASE 1/FECHAMENTO LPU VTAL;FORA DE REDE;1;1;TERCEIRO ETH
10784391;-1,37748923;-48,3522067;PA;AIU;TERCEIROS ETH;26;VTAL - PA;454;BLM QB;NAO;;9913,716981545453;195,3393497563019;3;3239997;;;;;;0;FECHAMENTO NFV FASE 1/FECHAMENTO LPU VTAL;FORA DE REDE;1;1;TERCEIRO ETH
10784399;-20,186935;-44,769495;MG;CCU;TERCEIROS ETH;26;VTAL - MG;452;BHE ES;NAO;;10404,478669357526;226,17726323314923;3;3240004;;;;;;0;FECHAMENTO NFV FASE 1/FECHAMENTO LPU VTAL;FORA DE REDE;1;1;TERCEIRO ETH
10784402;-18,4615;-41,80977;MG;JAMP;TERCEIROS ETH;26;VTAL - MG;452;BHE ES;NAO;;11048,843060192861;226,17726323314923;3;3240006;;;;;;0;FECHAMENTO NFV FASE 1/FECHAMENTO LPU VTAL;FORA DE REDE;1;1;TERCEIRO ETH
10784407;-19,761579;-44,315816;MG;EES;TERCEIROS ETH;26;VTAL - MG;452;BHE ES;NAO;;10404,478669357526;226,17726323314923;3;3240010;;;;;;0;FECHAMENTO NFV FASE 1/FECHAMENTO LPU VTAL;FORA DE REDE;1;1;TERCEIRO ETH
10784416;-20,3748795;-43,41529;MG;MRN;TERCEIROS ETH;26;VTAL - MG;452;BHE ES;NAO;;10404,478669357526;226,17726323314923;3;3240016;;;;;;0;FECHAMENTO NFV FASE 1/FECHAMENTO LPU VTAL;FORA DE REDE;1;1;TERCEIRO ETH
10784419;-19,295148;-44,414067;MG;COP;FO EDD DIRETO CLARO;6;CLARO BRASIL;8;BHE ES;NAO;52102,897798948004;;;;3240018;;;;;;0;FECHAMENTO NFV FASE 1/NECESSARIO CONSTRUCAO DE APROXIMADAMENTE 1097.7140062 METROS/SITE MGPRB01;;;1;FO EDD DC
10784434;-20,139522;-45,500453;MG;JPR;FO EDD DIRETO CLARO;6;CLARO BRASIL;8;BHE ES;NAO;9938,178517844;;;;3240028;;;;;;0;FECHAMENTO NFV FASE 1/NECESSARIO CONSTRUCAO DE APROXIMADAMENTE 3.6631686000000285 METROS/SITE MGJPR01;;;1;FO EDD DC
10784439;-20,946565;-44,920419;MG;SAA;TERCEIROS ETH;26;VTAL - MG;452;BHE ES;NAO;;10404,478669357526;252,02415079072463;3;3240032;;;;;;0;FECHAMENTO NFV FASE 1/FECHAMENTO LPU VTAL;FORA DE REDE;1;1;TERCEIRO ETH
10784440;-19,547986;-44,133163;MG;CBN;TERCEIROS ETH;26;VTAL - MG;452;BHE ES;NAO;;10404,478669357526;226,17726323314923;3;3240033;;;;;;0;FECHAMENTO NFV FASE 1/FECHAMENTO LPU VTAL;FORA DE REDE;1;1;TERCEIRO ETH
10784449;-22,209912;-45,263248;MG;CSI;TERCEIROS ETH;26;VTAL - MG;452;BHE ES;NAO;;10404,478669357526;226,17726323314923;3;3240040;;;;;;0;FECHAMENTO NFV FASE 1/FECHAMENTO LPU VTAL;FORA DE REDE;1;1;TERCEIRO ETH
10784450;-22,760112;-46,156161;MG;CDU;TERCEIROS ETH;26;VTAL - MG;452;BHE ES;NAO;;22297,012576483903;252,02415079072463;3;3240041;;;;;;0;FECHAMENTO NFV FASE 1/FECHAMENTO LPU VTAL;FORA DE REDE;1;1;TERCEIRO ETH
10784451;-21,251919;-46,580067;MG;JRU;TERCEIROS ETH;26;VTAL - MG;452;BHE ES;NAO;;10404,478669357526;252,02415079072463;3;3240042;;;;;;0;FECHAMENTO NFV FASE 1/FECHAMENTO LPU VTAL;FORA DE REDE;1;1;TERCEIRO ETH
10784452;-20,829172;-43,807023;MG;CIY;TERCEIROS ETH;26;VTAL - MG;452;BHE ES;NAO;;10404,478669357526;226,17726323314923;3;3240043;;;;;;0;FECHAMENTO NFV FASE 1/FECHAMENTO LPU VTAL;FORA DE REDE;1;1;TERCEIRO ETH
10784453;-20,883846;-45,277351;MG;CPO;TERCEIROS ETH;26;VTAL - MG;452;BHE ES;NAO;;10404,478669357526;252,02415079072463;3;3240044;;;;;;0;FECHAMENTO NFV FASE 1/FECHAMENTO LPU VTAL;FORA DE REDE;1;1;TERCEIRO ETH
10784458;-21,847795;-45,296681;MG;CAQ;TERCEIROS ETH;26;VTAL - MG;452;BHE ES;NAO;;10404,478669357526;226,17726323314923;3;3240049;;;;;;0;FECHAMENTO NFV FASE 1/FECHAMENTO LPU VTAL;FORA DE REDE;1;1;TERCEIRO ETH
10784464;-21,484693;-44,323035;MG;MDM;FO EDD CLARO PRE VIAVEL;5;CLARO BRASIL;8;BHE ES;NAO;63031,049727487996;;;;3240054;;;;;;0;FECHAMENTO NFV FASE 1/NECESSARIO CONSTRUCAO DE APROXIMADAMENTE 1381.2675072 METROS/SITE MGMDM02;;;1;FO EDD PV
10784466;-18,459194;-43,742618;MG;GOV;TERCEIROS ETH;26;VTAL - MG;452;BHE ES;NAO;;10404,478669357526;226,17726323314923;3;3240056;;;;;;0;FECHAMENTO NFV FASE 1/FECHAMENTO LPU VTAL;FORA DE REDE;1;1;TERCEIRO ETH
10784468;-21,252937;-46,577522;MG;JRU;TERCEIROS ETH;26;VTAL - MG;452;BHE ES;NAO;;10404,478669357526;252,02415079072463;3;3240058;;;;;;0;FECHAMENTO NFV FASE 1/FECHAMENTO LPU VTAL;FORA DE REDE;1;1;TERCEIRO ETH
10784471;-21,417554;-42,818523;MG;IIS;FO EDD DIRETO CLARO;6;CLARO BRASIL;8;BHE ES;NAO;23042,60960982;;;;3240060;;;;;;0;FECHAMENTO NFV FASE 1/NECESSARIO CONSTRUCAO DE APROXIMADAMENTE 343.684733 METROS/SITE MGIIS01;;;1;FO EDD DC
10784476;-18,561073;-41,906403;MG;FIO;TERCEIROS ETH;26;VTAL - MG;452;BHE ES;NAO;;11048,843060192861;226,17726323314923;3;3240062;;;;;;0;FECHAMENTO NFV FASE 1/FECHAMENTO LPU VTAL;FORA DE REDE;1;1;TERCEIRO ETH
10784481;-18,108987;-44,264064;MG;ASL;TERCEIROS ETH;26;VTAL - MG;452;BHE ES;NAO;;10404,478669357526;226,17726323314923;3;3240065;;;;;;0;FECHAMENTO NFV FASE 1/FECHAMENTO LPU VTAL;FORA DE REDE;1;1;TERCEIRO ETH
10784483;-21,321275;-46,368242;MG;MBE;TERCEIROS ETH;26;VTAL - MG;452;BHE ES;NAO;;10404,478669357526;876,8026863761946;3;3240066;;;;;;0;FECHAMENTO NFV FASE 1/FECHAMENTO LPU VTAL;FORA DE REDE;1;1;TERCEIRO ETH
10784486;-16,169972;-42,289935;MG;SLN;TERCEIROS ETH;26;VTAL - MG;452;BHE ES;NAO;;10404,478669357526;252,02415079072463;3;3240068;;;;;;0;FECHAMENTO NFV FASE 1/FECHAMENTO LPU VTAL;FORA DE REDE;1;1;TERCEIRO ETH
10784493;-21,200822;-42,86593;MG;RDR;FO EDD DIRETO CLARO;6;CLARO BRASIL;8;BHE ES;NAO;32333,327403967996;;;;3240074;;;;;;0;FECHAMENTO NFV FASE 1/NECESSARIO CONSTRUCAO DE APROXIMADAMENTE 584.7516191999999 METROS/SITE MGRDR01;;;1;FO EDD DC
10784494;-22,280439;-44,872243;MG;IMO;TERCEIROS ETH;26;VTAL - MG;452;BHE ES;NAO;;10404,478669357526;226,17726323314923;3;3240075;;;;;;0;FECHAMENTO NFV FASE 1/FECHAMENTO LPU VTAL;FORA DE REDE;1;1;TERCEIRO ETH
10784501;-22,415519;-45,798747;MG;CNC;TERCEIROS ETH;26;VTAL - MG;452;BHE ES;NAO;;10404,478669357526;252,02415079072463;3;3240080;;;;;;0;FECHAMENTO NFV FASE 1/FECHAMENTO LPU VTAL;FORA DE REDE;1;1;TERCEIRO ETH
10784504;-21,924268;-46,387621;MG;CAD;TERCEIROS ETH;26;VTAL - MG;452;BHE ES;NAO;;10404,478669357526;252,02415079072463;3;3240082;;;;;;0;FECHAMENTO NFV FASE 1/FECHAMENTO LPU VTAL;FORA DE REDE;1;1;TERCEIRO ETH
10784509;-21,315233;-42,811924;MG;DEZ;TERCEIROS ETH;26;VTAL - MG;452;BHE ES;NAO;;10404,478669357526;226,17726323314923;3;3240084;;;;;;0;FECHAMENTO NFV FASE 1/FECHAMENTO LPU VTAL;FORA DE REDE;1;1;TERCEIRO ETH
10784515;-21,295716;-46,725305;MG;GPE;TERCEIROS ETH;26;VTAL - MG;452;BHE ES;NAO;;10404,478669357526;252,02415079072463;3;3240087;;;;;;0;FECHAMENTO NFV FASE 1/FECHAMENTO LPU VTAL;FORA DE REDE;1;1;TERCEIRO ETH
10784518;-17,772089;-47,0927;MG;GMR;TERCEIROS ETH;26;VTAL - MG;452;BHE ES;NAO;;11048,843060192861;252,02415079072463;3;3240088;;;;;;0;FECHAMENTO NFV FASE 1/FECHAMENTO LPU VTAL;FORA DE REDE;1;1;TERCEIRO ETH
10784519;-20,408523;-44,024375;MG;BLL;TERCEIROS ETH;26;VTAL - MG;452;BHE ES;NAO;;10404,478669357526;226,17726323314923;3;3240089;;;;;;0;FECHAMENTO NFV FASE 1/FECHAMENTO LPU VTAL;FORA DE REDE;1;1;TERCEIRO ETH
10784521;-22,098776;-46,189772;MG;IUU;TERCEIROS ETH;26;VTAL - MG;452;BHE ES;NAO;;10404,478669357526;252,02415079072463;3;3240091;;;;;;0;FECHAMENTO NFV FASE 1/FECHAMENTO LPU VTAL;FORA DE REDE;1;1;TERCEIRO ETH
10784525;-22,045283;-45,698198;MG;CEC;TERCEIROS ETH;26;VTAL - MG;452;BHE ES;NAO;;10404,478669357526;226,17726323314923;3;3240094;;;;;;0;FECHAMENTO NFV FASE 1/FECHAMENTO LPU VTAL;FORA DE REDE;1;1;TERCEIRO ETH
10784533;-21,218153;-44,614236;MG;NZE;FO EDD DIRETO CLARO;6;CLARO BRASIL;8;BHE ES;NAO;19980,407350312;;;;3240099;;;;;;0;FECHAMENTO NFV FASE 1/NECESSARIO CONSTRUCAO DE APROXIMADAMENTE 264.2295628 METROS/SITE MGNAZ01;;;1;FO EDD DC
10784538;-22,19746;-44,972977;MG;POU;TERCEIROS ETH;26;VTAL - MG;452;BHE ES;NAO;;22297,012576483903;226,17726323314923;3;3240103;;;;;;0;FECHAMENTO NFV FASE 1/FECHAMENTO LPU VTAL;FORA DE REDE;1;1;TERCEIRO ETH
10784541;-21,171401;-44,924631;MG;IJC;TERCEIROS ETH;26;VTAL - MG;452;BHE ES;NAO;;10404,478669357526;252,02415079072463;3;3240106;;;;;;0;FECHAMENTO NFV FASE 1/FECHAMENTO LPU VTAL;FORA DE REDE;1;1;TERCEIRO ETH
10784543;-21,892098;-45,592614;MG;SGS;TERCEIROS ETH;26;VTAL - MG;452;BHE ES;NAO;;10404,478669357526;226,17726323314923;3;3240108;;;;;;0;FECHAMENTO NFV FASE 1/FECHAMENTO LPU VTAL;FORA DE REDE;1;1;TERCEIRO ETH
10784544;-22,384124;-44,966046;MG;PQO;TERCEIROS ETH;26;VTAL - MG;452;BHE ES;NAO;;10404,478669357526;226,17726323314923;3;3240109;;;;;;0;FECHAMENTO NFV FASE 1/FECHAMENTO LPU VTAL;FORA DE REDE;1;1;TERCEIRO ETH
10784545;-20,743727;-46,751144;MG;IMS;TERCEIROS ETH;26;VTAL - MG;452;BHE ES;NAO;;10404,478669357526;252,02415079072463;3;3240110;;;;;;0;FECHAMENTO NFV FASE 1/FECHAMENTO LPU VTAL;FORA DE REDE;1;1;TERCEIRO ETH
10784547;-21,148109;-43,519171;MG;DSM;FO EDD CLARO PRE VIAVEL;5;CLARO BRASIL;8;BHE ES;NAO;11398,764740044002;;;;3240112;;;;;;0;FECHAMENTO NFV FASE 1/NECESSARIO CONSTRUCAO DE APROXIMADAMENTE 41.56109860000004 METROS/SITE MGDSM01;;;1;FO EDD PV
10784553;-21,698218;-42,959518;MG;MPN;FO EDD DIRETO CLARO;6;CLARO BRASIL;8;BHE ES;NAO;11843,905139272;;;;3240116;;;;;;0;FECHAMENTO NFV FASE 1/NECESSARIO CONSTRUCAO DE APROXIMADAMENTE 53.11118679999997 METROS/SITE MGMPN01;;;1;FO EDD DC
10784554;-20,849016;-46,712991;MG;FZS;TERCEIROS ETH;26;VTAL - MG;452;BHE ES;NAO;;10404,478669357526;252,02415079072463;3;3240117;;;;;;0;FECHAMENTO NFV FASE 1/FECHAMENTO LPU VTAL;FORA DE REDE;1;1;TERCEIRO ETH
10784557;-22,00117;-44,463912;MG;CVX;TERCEIROS ETH;26;VTAL - MG;452;BHE ES;NAO;;10404,478669357526;252,02415079072463;3;3240119;;;;;;0;FECHAMENTO NFV FASE 1/FECHAMENTO LPU VTAL;FORA DE REDE;1;1;TERCEIRO ETH
10784566;-20,18455;-44,771491;MG;CCU;TERCEIROS ETH;26;VTAL - MG;452;BHE ES;NAO;;10404,478669357526;226,17726323314923;3;3240125;;;;;;0;FECHAMENTO NFV FASE 1/FECHAMENTO LPU VTAL;FORA DE REDE;1;1;TERCEIRO ETH
10784570;-20,193203;-44,762718;MG;CCU;TERCEIROS ETH;26;VTAL - MG;452;BHE ES;NAO;;11048,843060192861;226,17726323314923;3;3240128;;;;;;0;FECHAMENTO NFV FASE 1/FECHAMENTO LPU VTAL;FORA DE REDE;1;1;TERCEIRO ETH
10784572;-22,355606;-45,779588;MG;CHS;FO EDD DIRETO CLARO;6;CLARO BRASIL;8;BHE ES;NAO;12808,684929343997;;;;3240130;;;;;;0;FECHAMENTO NFV FASE 1/NECESSARIO CONSTRUCAO DE APROXIMADAMENTE 78.14439359999994 METROS/SITE MGCHM01;;;1;FO EDD DC
10784575;-20,665439;-44,068636;MG;ERM;FO EDD CLARO PRE VIAVEL;5;CLARO BRASIL;8;BHE ES;NAO;14392,976936039997;;;;3240133;;;;;;0;FECHAMENTO NFV FASE 1/NECESSARIO CONSTRUCAO DE APROXIMADAMENTE 119.25212599999992 METROS/SITE MGERM02;;;1;FO EDD PV
10784602;-21,321275;-46,368242;MG;MBE;TERCEIROS ETH;26;VTAL - MG;452;BHE ES;NAO;;10404,478669357526;252,02415079072463;3;3240154;;;;;;0;FECHAMENTO NFV FASE 1/FECHAMENTO LPU VTAL;FORA DE REDE;1;1;TERCEIRO ETH
10784606;-21,959294;-44,894126;MG;BAD;TERCEIROS ETH;26;VTAL - MG;452;BHE ES;NAO;;10404,478669357526;252,02415079072463;3;3240157;;;;;;0;FECHAMENTO NFV FASE 1/FECHAMENTO LPU VTAL;FORA DE REDE;1;1;TERCEIRO ETH
10784608;-19,122609;-44,321255;MG;CUG;TERCEIROS ETH;26;VTAL - MG;452;BHE ES;NAO;;10404,478669357526;226,17726323314923;3;3240159;;;;;;0;FECHAMENTO NFV FASE 1/FECHAMENTO LPU VTAL;FORA DE REDE;1;1;TERCEIRO ETH
10784609;-21,196447;-42,612377;MG;MII;TERCEIROS ETH;26;VTAL - MG;452;BHE ES;NAO;;10404,478669357526;226,17726323314923;3;3240160;;;;;;0;FECHAMENTO NFV FASE 1/FECHAMENTO LPU VTAL;FORA DE REDE;1;1;TERCEIRO ETH
10784618;-22,152789;-46,040202;MG;COH;TERCEIROS ETH;26;VTAL - MG;452;BHE ES;NAO;;10404,478669357526;252,02415079072463;3;3240168;;;;;;0;FECHAMENTO NFV FASE 1/FECHAMENTO LPU VTAL;FORA DE REDE;1;1;TERCEIRO ETH
10784619;-19,888119;-44,432994;MG;FSL;FO EDD DIRETO CLARO;6;CLARO BRASIL;8;BHE ES;NAO;18721,606154604;;;;3240169;;;;;;0;FECHAMENTO NFV FASE 1/NECESSARIO CONSTRUCAO DE APROXIMADAMENTE 231.5673626 METROS/SITE MGFSL01;;;1;FO EDD DC
10784621;-13,292251;-39,819016;BA;SAT;TERCEIROS ETH;26;VTAL - BA;446;SDR RC;NAO;;9913,716981545453;205,45660804545236;3;3240171;;;;;;0;FECHAMENTO NFV FASE 1/FECHAMENTO LPU VTAL;FORA DE REDE;1;1;TERCEIRO ETH
10784627;-14,531622;-40,358965;BA;PCE;TERCEIROS ETH;26;VTAL - BA;446;SDR RC;NAO;;9913,716981545453;205,45660804545236;3;3240175;;;;;;0;FECHAMENTO NFV FASE 1/FECHAMENTO LPU VTAL;FORA DE REDE;1;1;TERCEIRO ETH
10784632;-13,473769;-40,222521;BA;LTL;FO EDD CLARO PRE VIAVEL;5;CLARO BRASIL;8;SDR RC;NAO;15960,21663454;;;;3240178;;;;;;0;FECHAMENTO NFV FASE 1/NECESSARIO CONSTRUCAO DE APROXIMADAMENTE 159.917401 METROS/SITE BALTL02;;;1;FO EDD PV
10784636;-16,573141;-39,558349;BA;IBH;TERCEIROS ETH;26;VTAL - BA;446;SDR RC;NAO;;9913,716981545453;217,57835924072805;3;3240182;;;;;;0;FECHAMENTO NFV FASE 1/FECHAMENTO LPU VTAL;FORA DE REDE;1;1;TERCEIRO ETH
10784639;-11,30444;-41,853748;BA;IEE;TERCEIROS ETH;26;VTAL - BA;446;SDR RC;NAO;;9913,716981545453;243,47058675690167;3;3240185;;;;;;0;FECHAMENTO NFV FASE 1/FECHAMENTO LPU VTAL;FORA DE REDE;1;1;TERCEIRO ETH
10784643;-16,41388;-39,102738;BA;PGU;TERCEIROS ETH;26;VTAL - BA;446;SDR RC;NAO;;10506,532293961976;217,57835924072805;3;3240188;;;;;;0;FECHAMENTO NFV FASE 1/FECHAMENTO LPU VTAL;FORA DE REDE;1;1;TERCEIRO ETH
10784647;-14,501537;-42,223572;BA;CCE;TERCEIROS ETH;26;VTAL - BA;446;SDR RC;NAO;;9913,716981545453;205,45660804545236;3;3240192;;;;;;0;FECHAMENTO NFV FASE 1/FECHAMENTO LPU VTAL;FORA DE REDE;1;1;TERCEIRO ETH
10784650;-21,271682;-43,025577;MG;PAU;TERCEIROS ETH;26;VTAL - MG;452;BHE ES;NAO;;10404,478669357526;226,17726323314923;3;3240195;;;;;;0;FECHAMENTO NFV FASE 1/FECHAMENTO LPU VTAL;FORA DE REDE;1;1;TERCEIRO ETH
10784653;-21,2991;-46,803625;MG;GSA;TERCEIROS ETH;26;VTAL - MG;452;BHE ES;NAO;;11048,843060192861;876,8026863761946;3;3240197;;;;;;0;FECHAMENTO NFV FASE 1/FECHAMENTO LPU VTAL;FORA DE REDE;1;1;TERCEIRO ETH
10784655;-21,146095;-43,773614;MG;ALVS;TERCEIROS ETH;26;VTAL - MG;452;BHE ES;NAO;;10404,478669357526;214,05551203787337;3;3240199;;;;;;0;FECHAMENTO NFV FASE 1/FECHAMENTO LPU VTAL;FORA DE REDE;1;1;TERCEIRO ETH
10784658;-20,895385;-45,277403;MG;CPO;TERCEIROS ETH;26;VTAL - MG;452;BHE ES;NAO;;10404,478669357526;252,02415079072463;3;3240201;;;;;;0;FECHAMENTO NFV FASE 1/FECHAMENTO LPU VTAL;FORA DE REDE;1;1;TERCEIRO ETH
10784661;-19,59728;-46,938185;MG;AXA;TERCEIROS ETH;26;VTAL - MG;452;BHE ES;NAO;;10404,478669357526;1574,5086819072815;3;3240203;;;;;;0;FECHAMENTO NFV FASE 1/FECHAMENTO LPU VTAL;FORA DE REDE;1;1;TERCEIRO ETH
10784663;-20,952233;-43,807333;MG;CRD;TERCEIROS ETH;26;VTAL - MG;452;BHE ES;NAO;;10404,478669357526;226,17726323314923;3;3240204;;;;;;0;FECHAMENTO NFV FASE 1/FECHAMENTO LPU VTAL;FORA DE REDE;1;1;TERCEIRO ETH
10784665;-19,886672;-46,019989;MG;TPI;TERCEIROS ETH;26;VTAL - MG;452;BHE ES;NAO;;10404,478669357526;252,02415079072463;3;3240206;;;;;;0;FECHAMENTO NFV FASE 1/FECHAMENTO LPU VTAL;FORA DE REDE;1;1;TERCEIRO ETH
10784668;-20,895107;-45,274665;MG;CPO;TERCEIROS ETH;26;VTAL - MG;452;BHE ES;NAO;;10404,478669357526;252,02415079072463;3;3240208;;;;;;0;FECHAMENTO NFV FASE 1/FECHAMENTO LPU VTAL;FORA DE REDE;1;1;TERCEIRO ETH
10784669;-19,547147;-42,123669;MG;INP;TERCEIROS ETH;26;VTAL - MG;452;BHE ES;NAO;;10404,478669357526;226,17726323314923;3;3240209;;;;;;0;FECHAMENTO NFV FASE 1/FECHAMENTO LPU VTAL;FORA DE REDE;1;1;TERCEIRO ETH
10784671;-20,856365;-42,799919;MG;COB;TERCEIROS ETH;26;VTAL - MG;452;BHE ES;NAO;;10404,478669357526;226,17726323314923;3;3240211;;;;;;0;FECHAMENTO NFV FASE 1/FECHAMENTO LPU VTAL;FORA DE REDE;1;1;TERCEIRO ETH
10784675;-20,353916;-43,665768;MG;ORP;TERCEIROS ETH;26;VTAL - MG;452;BHE ES;NAO;;10404,478669357526;226,17726323314923;3;3240215;;;;;;0;FECHAMENTO NFV FASE 1/FECHAMENTO LPU VTAL;FORA DE REDE;1;1;TERCEIRO ETH
10784676;-19,701241;-44,187058;MG;EES;TERCEIROS ETH;26;VTAL - MG;452;BHE ES;NAO;;10404,478669357526;226,17726323314923;3;3240216;;;;;;0;FECHAMENTO NFV FASE 1/FECHAMENTO LPU VTAL;FORA DE REDE;1;1;TERCEIRO ETH
10784678;-20,771826;-45,273174;MG;CIS;TERCEIROS ETH;26;VTAL - MG;452;BHE ES;NAO;;9913,716981545453;217,57835924072805;3;3240218;;;;;;0;FECHAMENTO NFV FASE 1/FECHAMENTO LPU VTAL;FORA DE REDE;1;1;TERCEIRO ETH
10784679;-21,757105;-45,543408;MG;MOH;TERCEIROS ETH;26;VTAL - MG;452;BHE ES;NAO;;10404,478669357526;226,17726323314923;3;3240219;;;;;;0;FECHAMENTO NFV FASE 1/FECHAMENTO LPU VTAL;FORA DE REDE;1;1;TERCEIRO ETH
10784682;-19,36459;-42,549502;MG;SNPS;TERCEIROS ETH;26;VTAL - MG;452;BHE ES;NAO;;10404,478669357526;226,17726323314923;3;3240222;;;;;;0;FECHAMENTO NFV FASE 1/FECHAMENTO LPU VTAL;FORA DE REDE;1;1;TERCEIRO ETH
10784689;-15,994998;-44,273396;MG;JPOR;TERCEIROS ETH;26;VTAL - MG;452;BHE ES;NAO;;10404,478669357526;252,02415079072463;3;3240229;;;;;;0;FECHAMENTO NFV FASE 1/FECHAMENTO LPU VTAL;FORA DE REDE;1;1;TERCEIRO ETH
10784692;-20,111872;-44,976653;MG;DVL;TERCEIROS ETH;26;VTAL - MG;452;BHE ES;NAO;;11048,843060192861;226,17726323314923;3;3240231;;;;;;0;FECHAMENTO NFV FASE 1/FECHAMENTO LPU VTAL;FORA DE REDE;1;1;TERCEIRO ETH
10784694;-20,946783;-44,928981;MG;SAA;TERCEIROS ETH;26;VTAL - MG;452;BHE ES;NAO;;11048,843060192861;252,02415079072463;3;3240232;;;;;;0;FECHAMENTO NFV FASE 1/FECHAMENTO LPU VTAL;FORA DE REDE;1;1;TERCEIRO ETH
10784695;-19,41451;-41,250098;MG;IUT;TERCEIROS ETH;26;VTAL - MG;452;BHE ES;NAO;;11048,843060192861;226,17726323314923;3;3240233;;;;;;0;FECHAMENTO NFV FASE 1/FECHAMENTO LPU VTAL;FORA DE REDE;1;1;TERCEIRO ETH
10784702;-21,72641;-46,38384;MG;BDL;TERCEIROS ETH;26;VTAL - MG;452;BHE ES;NAO;;10404,478669357526;252,02415079072463;3;3240239;;;;;;0;FECHAMENTO NFV FASE 1/FECHAMENTO LPU VTAL;FORA DE REDE;1;1;TERCEIRO ETH
10784704;-18,752056;-44,900103;MG;FXA;TERCEIROS ETH;26;VTAL - MG;452;BHE ES;NAO;;10404,478669357526;608,2866994725515;3;3240241;;;;;;0;FECHAMENTO NFV FASE 1/FECHAMENTO LPU VTAL;FORA DE REDE;1;1;TERCEIRO ETH
10784711;-21,373128;-46,524192;MG;MUZ;TERCEIROS ETH;26;VTAL - MG;452;BHE ES;NAO;;10404,478669357526;252,02415079072463;3;3240248;;;;;;0;FECHAMENTO NFV FASE 1/FECHAMENTO LPU VTAL;FORA DE REDE;1;1;TERCEIRO ETH
10784726;-21,009407;-42,839166;MG;VRB;TERCEIROS ETH;26;VTAL - MG;452;BHE ES;NAO;;10404,478669357526;252,02415079072463;3;3240257;;;;;;0;FECHAMENTO NFV FASE 1/FECHAMENTO LPU VTAL;FORA DE REDE;1;1;TERCEIRO ETH
10784736;-21,034081;-44,758356;MG;BMS;TERCEIROS ETH;26;VTAL - MG;452;BHE ES;NAO;;10404,478669357526;252,02415079072463;3;3240265;;;;;;0;FECHAMENTO NFV FASE 1/FECHAMENTO LPU VTAL;FORA DE REDE;1;1;TERCEIRO ETH
10784738;-19,122609;-44,321255;MG;CUG;TERCEIROS ETH;26;VTAL - MG;452;BHE ES;NAO;;10404,478669357526;608,2866994725515;3;3240266;;;;;;0;FECHAMENTO NFV FASE 1/FECHAMENTO LPU VTAL;FORA DE REDE;1;1;TERCEIRO ETH
10784747;-21,3881324;-42,6919063;MG;CGS;TERCEIROS ETH;26;VTAL - MG;452;BHE ES;NAO;;10404,478669357526;1035,155279969084;3;3240274;;;;;;0;FECHAMENTO NFV FASE 1/FECHAMENTO LPU VTAL;FORA DE REDE;1;1;TERCEIRO ETH
10784752;-19,958629;-44,345347;MG;JUAU;TERCEIROS ETH;26;VTAL - MG;452;BHE ES;NAO;;10404,478669357526;226,17726323314923;3;3240275;;;;;;0;FECHAMENTO NFV FASE 1/FECHAMENTO LPU VTAL;FORA DE REDE;1;1;TERCEIRO ETH
10784757;-21,024736;-43,412573;MG;ADC;FO EDD DIRETO CLARO;6;CLARO BRASIL;8;BHE ES;NAO;22991,602682912002;;;;3240279;;;;;;0;FECHAMENTO NFV FASE 1/NECESSARIO CONSTRUCAO DE APROXIMADAMENTE 342.36125280000005 METROS/SITE MGADC01;;;1;FO EDD DC
10784766;-21,252937;-46,577522;MG;JRU;TERCEIROS ETH;26;VTAL - MG;452;BHE ES;NAO;;10404,478669357526;876,8026863761946;3;3240282;;;;;;0;FECHAMENTO NFV FASE 1/FECHAMENTO LPU VTAL;FORA DE REDE;1;1;TERCEIRO ETH
10784772;-20,571615;-43,007095;MG;GCB;FO EDD DIRETO CLARO;6;CLARO BRASIL;8;BHE ES;NAO;20323,7130836;;;;3240286;;;;;;0;FECHAMENTO NFV FASE 1/NECESSARIO CONSTRUCAO DE APROXIMADAMENTE 273.13734000000005 METROS/SITE MGGCB01;;;1;FO EDD DC
10784773;-16,476243;-43,492364;MG;FCS;TERCEIROS ETH;26;VTAL - MG;452;BHE ES;NAO;;10404,478669357526;226,17726323314923;3;3240287;;;;;;0;FECHAMENTO NFV FASE 1/FECHAMENTO LPU VTAL;FORA DE REDE;1;1;TERCEIRO ETH
10784778;-21,1309;-42,390373;MG;MRE;TERCEIROS ETH;26;VTAL - MG;452;BHE ES;NAO;;10404,478669357526;226,17726323314923;3;3240290;;;;;;0;FECHAMENTO NFV FASE 1/FECHAMENTO LPU VTAL;FORA DE REDE;1;1;TERCEIRO ETH
10784780;-20,198011;-44,422151;MG;IAT;TERCEIROS ETH;26;VTAL - MG;452;BHE ES;NAO;;10404,478669357526;209,85690390161648;3;3240291;;;;;;0;FECHAMENTO NFV FASE 1/FECHAMENTO LPU VTAL;FORA DE REDE;1;1;TERCEIRO ETH
10784783;-21,153464;-42,210538;MG;PCN;TERCEIROS ETH;26;VTAL - MG;452;BHE ES;NAO;;10404,478669357526;226,17726323314923;3;3240292;;;;;;0;FECHAMENTO NFV FASE 1/FECHAMENTO LPU VTAL;FORA DE REDE;1;1;TERCEIRO ETH
10784787;-20,893503;-45,274936;MG;CPO;FO EDD DIRETO CLARO;6;CLARO BRASIL;8;BHE ES;NAO;15516,543838512003;;;;3240295;;;;;;0;FECHAMENTO NFV FASE 1/NECESSARIO CONSTRUCAO DE APROXIMADAMENTE 148.40539280000007 METROS/SITE MGCBL01;;;1;FO EDD DC
10784791;-20,942611;-45,38847;MG;ANK;TERCEIROS ETH;26;VTAL - MG;452;BHE ES;NAO;;10404,478669357526;252,02415079072463;3;3240298;;;;;;0;FECHAMENTO NFV FASE 1/FECHAMENTO LPU VTAL;FORA DE REDE;1;1;TERCEIRO ETH
10784796;-21,2991;-46,803625;MG;GSA;TERCEIROS ETH;26;VTAL - MG;452;BHE ES;NAO;;11048,843060192861;252,02415079072463;3;3240301;;;;;;0;FECHAMENTO NFV FASE 1/FECHAMENTO LPU VTAL;FORA DE REDE;1;1;TERCEIRO ETH
10784804;-21,891673;-45,595168;MG;SGS;TERCEIROS ETH;26;VTAL - MG;452;BHE ES;NAO;;10404,478669357526;226,17726323314923;3;3240309;;;;;;0;FECHAMENTO NFV FASE 1/FECHAMENTO LPU VTAL;FORA DE REDE;1;1;TERCEIRO ETH
10784805;-21,95881;-44,891952;MG;BAD;TERCEIROS ETH;26;VTAL - MG;452;BHE ES;NAO;;10404,478669357526;252,02415079072463;3;3240310;;;;;;0;FECHAMENTO NFV FASE 1/FECHAMENTO LPU VTAL;FORA DE REDE;1;1;TERCEIRO ETH
10784811;-23,0446472;-54,1948573;MS;NVR;TERCEIROS ETH;26;VTAL - MS;453;CPE CM;NAO;;9913,716981545453;4050,673238870264;3;3240316;;;;;;0;FECHAMENTO NFV FASE 1/FECHAMENTO LPU VTAL;FORA DE REDE;1;1;TERCEIRO ETH
10784817;-29,8139811;-55,8080009;RS;ALG;TERCEIROS ETH;26;VTAL - RS;464;PAE BV;NAO;;10404,478669357526;421,7619081778337;3;3240320;;;;;;0;FECHAMENTO NFV FASE 1/FECHAMENTO LPU VTAL;FORA DE REDE;1;1;TERCEIRO ETH
10784818;-29,8139811;-55,8080009;RS;ALG;TERCEIROS ETH;26;VTAL - RS;464;PAE BV;NAO;;10404,478669357526;634,367131044718;3;3240321;;;;;;0;FECHAMENTO NFV FASE 1/FECHAMENTO LPU VTAL;FORA DE REDE;1;1;TERCEIRO ETH
10784832;-11,7260802;-61,79178;RO;RMM;TERCEIROS ETH;26;VTAL - RO;462;PVO FQ;NAO;;9913,716981545453;945,5212655317588;3;3240327;;;;;;0;FECHAMENTO NFV FASE 1/FECHAMENTO LPU VTAL;FORA DE REDE;1;1;TERCEIRO ETH
10784833;-11,7260802;-61,79178;RO;RMM;TERCEIROS ETH;26;VTAL - RO;462;PVO FQ;NAO;;9913,716981545453;945,5212655317588;3;3240328;;;;;;0;FECHAMENTO NFV FASE 1/FECHAMENTO LPU VTAL;FORA DE REDE;1;1;TERCEIRO ETH
10784834;-11,7260802;-61,79178;RO;RMM;TERCEIROS ETH;26;VTAL - RO;462;PVO FQ;NAO;;9913,716981545453;250,99082140821633;3;3240329;;;;;;0;FECHAMENTO NFV FASE 1/FECHAMENTO LPU VTAL;FORA DE REDE;1;1;TERCEIRO ETH
10784835;-11,7260802;-61,79178;RO;RMM;TERCEIROS ETH;26;VTAL - RO;462;PVO FQ;NAO;;9913,716981545453;945,5212655317588;3;3240330;;;;;;0;FECHAMENTO NFV FASE 1/FECHAMENTO LPU VTAL;FORA DE REDE;1;1;TERCEIRO ETH
10784836;-19,66046;-46,920562;MG;AXA;TERCEIROS ETH;26;VTAL - MG;452;BHE ES;NAO;;11048,843060192861;211,31009779634556;3;3240331;;;;;;0;FECHAMENTO NFV FASE 1/FECHAMENTO LPU VTAL;FORA DE REDE;1;1;TERCEIRO ETH
10784852;-15,4191444;-39,496826;BA;CCN;TERCEIROS ETH;26;VTAL - BA;446;SDR RC;NAO;;9913,716981545453;324,9342505909752;3;3240338;;;;;;0;FECHAMENTO NFV FASE 1/FECHAMENTO LPU VTAL;FORA DE REDE;1;1;TERCEIRO ETH
10784855;-22,8999377;-43,7264783;RJ;RJO;TERCEIROS ETH;26;VTAL - RJ;460;RJO AM;NAO;;8501,152812897524;294,5246236460828;3;3240340;;;;;;0;FECHAMENTO NFV FASE 1/FECHAMENTO LPU VTAL;FORA DE REDE;1;1;TERCEIRO ETH
10784857;-22,8561534;-43,487719;RJ;RJO;TERCEIROS ETH;26;VTAL - RJ;460;RJO AM;NAO;;8501,152812897524;721,836517278302;3;3240341;;;;;;0;FECHAMENTO NFV FASE 1/FECHAMENTO LPU VTAL;FORA DE REDE;1;1;TERCEIRO ETH
10784860;-23,0101578;-43,4489015;RJ;RJO;TERCEIROS ETH;26;VTAL - RJ;460;RJO AM;NAO;;8501,152812897524;721,836517278302;3;3240344;;;;;;0;FECHAMENTO NFV FASE 1/FECHAMENTO LPU VTAL;FORA DE REDE;1;1;TERCEIRO ETH
10784861;-25,5437652;-49,323678;PR;CTA;TERCEIROS ETH;26;VTAL - PR;459;CTA MR;NAO;;9231,688669357527;2094,8909095211043;3;3240345;;;;;;0;FECHAMENTO NFV FASE 1/FECHAMENTO LPU VTAL;FORA DE REDE;1;1;TERCEIRO ETH
10784863;-12,7492949;-60,1069038;RO;VHA;TERCEIROS ETH;26;VTAL - RO;462;PVO FQ;NAO;;9913,716981545453;205,65499174062165;3;3240347;;;;;;0;FECHAMENTO NFV FASE 1/FECHAMENTO LPU VTAL;FORA DE REDE;1;1;TERCEIRO ETH
